Protein	Gene name
10/A5A3E0/P0CG38/P0CG39/P60709/P62736/P63261/P63267/P68032/P68133/Q6S8J3	NA
10/A5A3E0/P0CG38/P60709/P62736/P63261/P63267/P68032/P68133/Q6S8J3/Q9BYX7	NA
10/A5A3E0/P60709/P62736/P63261/P63267/P68032/P68133/Q562R1/Q6S8J3/Q9BYX7	NA
10/O94788/P00352/P05091/P30837/P30838/P43353/P47895/P48448/P49189/P51648	NA
11/A5A3E0/A6NI47/B2RU33/H3BUK9/P0CG38/P0CG39/Q6S545/Q6S5H4/Q6S5H5/Q6S8J3/Q6S8J7	NA
11/A6NKZ8/A6NNZ2/P04350/P07437/P68371/Q13509/Q13885/Q3ZCM7/Q9BUF5/Q9BVA1/Q9H4B7	NA
11/O15264/P45983/P45984/P53778/P53779/Q15746/Q15759/Q16539/Q32MK0/Q86YV6/Q9H1R3	NA
11/O95678/P02538/P04259/P04264/P05787/P12035/P13647/P35908/P48668/Q01546/Q7Z794	NA
11/O95678/P02538/P04259/P12036/P13647/P35908/P48668/Q01546/Q7RTS7/Q86Y46/Q8N1N4	NA
11/P09619/P10721/P16234/P17948/P27361/P28482/P35916/P35968/P36888/Q8TD08/Q9UBE8	NA
12/A8MTJ3/P04899/P08754/P09471/P11488/P19087/P38405/P63092/P63096/Q03113/Q14344/Q5JWF2	NA
12/O95678/P02538/P04259/P04264/P05787/P12035/P13647/P35908/P48668/Q01546/Q5XKE5/Q7Z794	NA
12/P04908/P0C0S8/P16104/P20671/Q16777/Q6FI13/Q7L7L0/Q93077/Q96KK5/Q96QV6/Q99878/Q9BTM1	NA
13/A7E2Y1/P11055/P12882/P12883/P13533/P13535/P35579/P35580/P35749/Q7Z406/Q9UKX2/Q9UKX3/Q9Y623	NA
13/O95716/P20336/P61006/P61026/P61106/P62820/Q14964/Q92928/Q92930/Q96DA2/Q96E17/Q9H082/Q9H0U4	NA
13/P04222/P10319/P18464/P18465/P30464/P30484/P30487/P30488/P30490/P30491/P30495/P30498/P30685	NA
13/P04908/P0C0S8/P16104/P20671/Q16777/Q6FI13/Q7L7L0/Q8IUE6/Q93077/Q96KK5/Q96QV6/Q99878/Q9BTM1	NA
14/A5A3E0/P0CG38/P0CG39/P60709/P61160/P61163/P62736/P63261/P63267/P68032/P68133/Q562R1/Q6S8J3/Q9BYX7	NA
14/O15021/O60307/O75582/O75676/P51812/Q15349/Q15418/Q6P0Q8/Q86UE8/Q96GX5/Q96NX5/Q9UK32/Q9UKI8/Q9Y2H9	NA
14/O60814/P06899/P23527/P33778/P57053/P58876/P62807/Q16778/Q5QNW6/Q8N257/Q93079/Q99877/Q99879/Q99880	NA
14/O60814/P06899/P23527/P33778/P57053/P58876/P62807/Q16778/Q5QNW6/Q93079/Q96A08/Q99877/Q99879/Q99880	NA
14/P04908/P0C0S5/P0C0S8/P16104/P20671/Q16777/Q6FI13/Q71UI9/Q7L7L0/Q93077/Q96KK5/Q96QV6/Q99878/Q9BTM1	NA
15/A6NCW0/A8MUK1/C9J2P7/C9JJH3/C9JLJ4/C9JPN9/C9JVI0/D6R901/D6R9N7/D6RA61/D6RBQ6/D6RCP7/D6RJB6/Q0WX57/Q7RTZ2	NA
15/O60814/P06899/P23527/P33778/P57053/P58876/P62807/Q16778/Q5QNW6/Q8N257/Q93079/Q96A08/Q99877/Q99879/Q99880	NA
15/O60814/P06899/P23527/P33778/P58876/P62807/Q16778/Q5QNW6/Q6DN03/Q6DRA6/Q8N257/Q93079/Q99877/Q99879/Q99880	NA
15/P04908/P0C0S5/P0C0S8/P16104/P20671/Q16777/Q6FI13/Q71UI9/Q7L7L0/Q8IUE6/Q93077/Q96KK5/Q96QV6/Q99878/Q9BTM1	NA
16/O60814/P06899/P23527/P33778/P57053/P58876/P62807/Q16778/Q5QNW6/Q6DN03/Q6DRA6/Q8N257/Q93079/Q99877/Q99879/Q99880	NA
17/A2A368/A8MXT2/O15480/O60732/P43355/P43356/P43357/P43358/P43360/P43361/P43363/P43364/P43365/Q8N7X4/Q96M61/Q9UBF1/Q9UJ55	NA
17/O76013/O76014/O76015/P02533/P05783/P08727/P08779/P13645/P13646/P19012/Q04695/Q14525/Q14532/Q15323/Q2M2I5/Q7Z3Y7/Q92764	NA
17/P01889/P01893/P10321/P13747/P18463/P30460/P30462/P30475/P30480/P30486/P30499/Q29718/Q29836/Q29865/Q29963/Q31610/Q95365	NA
19/O43790/O95678/P02538/P04259/P05787/P08670/P08729/P12035/P13647/P14136/P19013/P48668/P78385/P78386/Q01546/Q14533/Q5XKE5/Q8N1N4/Q9NSB2	NA
19/P01891/P01892/P04439/P05534/P10314/P10316/P13746/P16188/P16189/P16190/P18462/P30447/P30450/P30453/P30456/P30457/P30459/P30512/Q09160	NA
2/A0AVI2/Q9NZM1	NA
2/A2A3N6/P55036	NA
2/A2RTX5/P26639	NA
2/A4D0S4/P55268	NA
2/A6NEC2/P55786	NA
2/A6NHG4/P30046	NA
2/A6NHQ2/P22087	NA
2/A6NIH7/Q13432	NA
2/A6NIZ1/P61224	NA
2/A6NKH3/P61513	NA
2/A6NMY6/P07355	NA
2/A6PVI3/P52298	NA
2/A8MT79/P25311	NA
2/A8MUU1/Q01469	NA
2/A8MWD9/P62308	NA
2/A8MWL6/O43760	NA
2/A9QM74/P52292	NA
2/A9Z1Z3/Q9BR76	NA
2/B2RPK0/P09429	NA
2/B5ME19/Q99613	NA
2/C9JRZ8/O60218	NA
2/C9JRZ8/P15121	NA
2/E9PAV3/Q13765	NA
2/E9PQ53/O95298	NA
2/O00139/Q99661	NA
2/O00148/Q13838	NA
2/O00160/Q12965	NA
2/O00194/P51159	NA
2/O00264/O15173	NA
2/O00291/O75146	NA
2/O00410/O60518	NA
2/O00425/Q9NZI8	NA
2/O00425/Q9Y6M1	NA
2/O00462/Q9NQW7	NA
2/O00505/O00629	NA
2/O00506/Q9P289	NA
2/O00506/Q9Y6E0	NA
2/O00507/Q93008	NA
2/O00571/O15523	NA
2/O00585/P08238	NA
2/O00757/P09467	NA
2/O00763/Q13085	NA
2/O14519/O75956	NA
2/O14556/P04406	NA
2/O14602/P47813	NA
2/O14646/O14647	NA
2/O14732/P61289	NA
2/O14776/Q5VWI1	NA
2/O14787/Q92973	NA
2/O14802/O95602	NA
2/O14818/Q8TAA3	NA
2/O14908/Q8TF64	NA
2/O14910/Q9NUP9	NA
2/O14925/Q5SRD1	NA
2/O14950/P19105	NA
2/O14979/Q14103	NA
2/O14983/P16615	NA
2/O15020/Q01082	NA
2/O15083/Q8IUD2	NA
2/O15120/Q8N1G2	NA
2/O15131/O60684	NA
2/O15143/Q92747	NA
2/O15264/P53778	NA
2/O15305/Q92871	NA
2/O15347/P0C6E5	NA
2/O15397/O95373	NA
2/O15511/Q9BPX5	NA
2/O43175/Q13363	NA
2/O43237/Q9Y6G9	NA
2/O43252/O95340	NA
2/O43286/P15291	NA
2/O43301/Q96MM6	NA
2/O43390/O60506	NA
2/O43423/P39687	NA
2/O43432/Q04637	NA
2/O43464/P83110	NA
2/O43488/Q8NHP1	NA
2/O43491/Q9Y2J2	NA
2/O43639/P16333	NA
2/O43663/Q96I25	NA
2/O43707/P12814	NA
2/O43707/P35609	NA
2/O43707/Q9H254	NA
2/O43741/Q9Y478	NA
2/O43768/P56211	NA
2/O43795/Q8WXR4	NA
2/O43865/Q96HN2	NA
2/O60216/Q9H4I0	NA
2/O60234/P60983	NA
2/O60256/Q14558	NA
2/O60264/P28370	NA
2/O60271/Q9UPT6	NA
2/O60333/Q12756	NA
2/O60343/Q86TI0	NA
2/O60361/P22392	NA
2/O60488/O95573	NA
2/O60493/Q9UMY4	NA
2/O60684/P52294	NA
2/O60739/P41567	NA
2/O60749/Q13596	NA
2/O60812/P07910	NA
2/O60825/P16118	NA
2/O60825/Q16875	NA
2/O60885/Q15059	NA
2/O75116/Q13464	NA
2/O75116/Q15382	NA
2/O75122/Q7Z460	NA
2/O75150/Q5VTR2	NA
2/O75153/Q9Y5I4	NA
2/O75155/Q86VP6	NA
2/O75179/Q8IWZ3	NA
2/O75190/Q8WWF6	NA
2/O75317/P62068	NA
2/O75323/Q9BPW8	NA
2/O75366/P09327	NA
2/O75367/Q9P0M6	NA
2/O75369/P21333	NA
2/O75369/Q14315	NA
2/O75410/Q9Y6A5	NA
2/O75436/Q4G0F5	NA
2/O75477/O94905	NA
2/O75494/Q8WXF0	NA
2/O75526/P38159	NA
2/O75582/O75676	NA
2/O75746/Q9UJS0	NA
2/O75828/P16152	NA
2/O75874/P48735	NA
2/O75914/Q13177	NA
2/O75923/Q9NZM1	NA
2/O75953/Q15008	NA
2/O75964/Q7Z4Y8	NA
2/O94804/Q9H2G2	NA
2/O94805/O96019	NA
2/O94808/Q06210	NA
2/O94855/P53992	NA
2/O94973/O95782	NA
2/O95049/Q07157	NA
2/O95104/Q9UPN6	NA
2/O95154/Q8NHP1	NA
2/O95183/Q14980	NA
2/O95239/Q2VIQ3	NA
2/O95302/Q75LS8	NA
2/O95319/Q92879	NA
2/O95399/P11021	NA
2/O95678/P05787	NA
2/O95716/P20336	NA
2/O95757/P34932	NA
2/O95757/Q92598	NA
2/O95758/P26599	NA
2/O95793/Q9NUL3	NA
2/O95994/Q8TD06	NA
2/P00325/P00326	NA
2/P00326/P07327	NA
2/P00338/Q6ZMR3	NA
2/P00352/P05091	NA
2/P00367/P49448	NA
2/P00374/Q86XF0	NA
2/P00387/Q6BCY4	NA
2/P00390/Q06546	NA
2/P00492/Q9NRG1	NA
2/P00558/P07205	NA
2/P00568/Q9Y6K8	NA
2/P01009/P20848	NA
2/P01036/P01037	NA
2/P01111/P01116	NA
2/P01892/P10316	NA
2/P01909/P62917	NA
2/P02008/P69905	NA
2/P02042/P68871	NA
2/P02462/P29400	NA
2/P02533/P08727	NA
2/P02538/P04259	NA
2/P02545/Q5ST30	NA
2/P04075/P09972	NA
2/P04259/P04264	NA
2/P04264/P35908	NA
2/P04350/P68371	NA
2/P04632/Q96L46	NA
2/P05023/P13637	NA
2/P05023/P50993	NA
2/P05141/P12236	NA
2/P05204/Q15651	NA
2/P05388/Q8NHW5	NA
2/P05556/P18564	NA
2/P05783/P08727	NA
2/P05783/Q92764	NA
2/P05787/P08729	NA
2/P05937/P22676	NA
2/P06732/P12277	NA
2/P06733/P13929	NA
2/P06737/P11217	NA
2/P06744/Q01082	NA
2/P06744/Q8N196	NA
2/P06753/P09493	NA
2/P06753/P67936	NA
2/P06865/P07686	NA
2/P07203/P18283	NA
2/P07814/P47897	NA
2/P07900/P08238	NA
2/P07900/Q14568	NA
2/P07900/Q58FG0	NA
2/P07900/Q9NQH7	NA
2/P07910/Q86SE5	NA
2/P07942/P48643	NA
2/P07947/P12931	NA
2/P07948/P08631	NA
2/P07951/P09493	NA
2/P07951/P67936	NA
2/P08107/P11142	NA
2/P08107/P17066	NA
2/P08107/P34931	NA
2/P08133/P08758	NA
2/P08134/P61586	NA
2/P08183/P21439	NA
2/P08237/P17858	NA
2/P08238/Q58FF7	NA
2/P08238/Q58FF8	NA
2/P08238/Q92538	NA
2/P08559/P29803	NA
2/P08579/P09012	NA
2/P08670/P14136	NA
2/P08708/P0CW22	NA
2/P08727/P08779	NA
2/P08727/P13646	NA
2/P08727/Q04695	NA
2/P08727/Q99456	NA
2/P08758/P09525	NA
2/P09104/P13929	NA
2/P09488/P46439	NA
2/P09488/Q03013	NA
2/P09496/P09497	NA
2/P09651/Q32P51	NA
2/P0C0L4/P0C0L5	NA
2/P0C0S5/Q71UI9	NA
2/P0C7P4/P47985	NA
2/P0CB38/Q13310	NA
2/P0CB43/Q9BTY7	NA
2/P0CG22/Q9BTZ2	NA
2/P10301/P62070	NA
2/P10523/P49407	NA
2/P10586/P23468	NA
2/P11047/Q9Y6N6	NA
2/P11142/P54652	NA
2/P11216/P11217	NA
2/P11233/P11234	NA
2/P11277/Q01082	NA
2/P11310/Q15800	NA
2/P11387/Q969P6	NA
2/P11388/Q02880	NA
2/P11586/Q6UB35	NA
2/P11908/P21108	NA
2/P11908/P60891	NA
2/P11940/Q13310	NA
2/P11940/Q4VXU2	NA
2/P11940/Q9H361	NA
2/P12081/P49590	NA
2/P12235/P12236	NA
2/P12268/P20839	NA
2/P12532/P17540	NA
2/P12814/P35609	NA
2/P13611/P54578	NA
2/P13639/Q15029	NA
2/P13646/P19012	NA
2/P13667/P30101	NA
2/P13693/Q56UQ5	NA
2/P13796/P13797	NA
2/P13797/Q14651	NA
2/P13807/P54840	NA
2/P13807/Q13085	NA
2/P13861/P31323	NA
2/P13861/Q96PF1	NA
2/P14543/Q14112	NA
2/P14550/P15121	NA
2/P14618/P30613	NA
2/P14625/Q58FF3	NA
2/P14649/P60660	NA
2/P14678/P63162	NA
2/P14866/Q8WVV9	NA
2/P14923/P35222	NA
2/P15153/P63000	NA
2/P15170/Q8IYD1	NA
2/P15259/P18669	NA
2/P15311/Q5TZA2	NA
2/P15313/P21281	NA
2/P15531/P22392	NA
2/P16298/Q08209	NA
2/P16615/Q93084	NA
2/P16949/Q93045	NA
2/P16989/P67809	NA
2/P17081/P60953	NA
2/P17516/P42330	NA
2/P17612/P22694	NA
2/P17812/Q9NRF8	NA
2/P17844/Q92841	NA
2/P17858/Q01813	NA
2/P17980/Q8TAG9	NA
2/P17987/P50991	NA
2/P18669/Q8N0Y7	NA
2/P19338/Q9Y2L5	NA
2/P19367/P52789	NA
2/P19367/Q2TB90	NA
2/P19971/Q9H2U1	NA
2/P20338/P61018	NA
2/P20340/Q9NRW1	NA
2/P20591/P20592	NA
2/P20700/Q03252	NA
2/P21108/P60891	NA
2/P21127/Q9UQ88	NA
2/P21283/Q8NEY4	NA
2/P21291/P50461	NA
2/P21333/Q14315	NA
2/P21397/P27338	NA
2/P21796/Q9Y277	NA
2/P22059/Q969R2	NA
2/P22090/P62701	NA
2/P22090/Q8TD47	NA
2/P23141/Q9UKY3	NA
2/P23193/Q15560	NA
2/P23246/Q15233	NA
2/P23258/Q9NRH3	NA
2/P23368/Q16798	NA
2/P23497/Q9H930	NA
2/P23528/Q9Y281	NA
2/P24298/Q8TD30	NA
2/P24534/P29692	NA
2/P25098/P35626	NA
2/P25205/P33992	NA
2/P25685/Q9UDY4	NA
2/P26232/P35221	NA
2/P26373/Q70SY1	NA
2/P27169/Q15166	NA
2/P27216/P50995	NA
2/P27348/P31946	NA
2/P27482/P62158	NA
2/P27635/Q96L21	NA
2/P27708/P31327	NA
2/P28340/P49327	NA
2/P29323/Q15375	NA
2/P29353/P98077	NA
2/P29401/Q9H0I9	NA
2/P29475/Q8N335	NA
2/P30101/P54136	NA
2/P30101/Q8NBS9	NA
2/P30153/P30154	NA
2/P30405/Q9UNP9	NA
2/P30443/P30455	NA
2/P30622/Q9UDT6	NA
2/P30837/P47895	NA
2/P30837/Q27J81	NA
2/P31150/P50395	NA
2/P31153/Q00266	NA
2/P31350/Q7LG56	NA
2/P31483/Q01085	NA
2/P31943/P52597	NA
2/P31943/P55795	NA
2/P31946/P61981	NA
2/P32119/Q06830	NA
2/P32322/Q96C36	NA
2/P33121/Q9UKU0	NA
2/P33121/Q9ULC5	NA
2/P33176/Q12840	NA
2/P33240/Q9H0L4	NA
2/P33991/Q9UJA3	NA
2/P34820/Q7Z5Y6	NA
2/P34896/P34897	NA
2/P34913/Q8IX05	NA
2/P35219/Q7Z3B4	NA
2/P35221/Q9UI47	NA
2/P35222/Q5XPI4	NA
2/P35237/P50452	NA
2/P35241/Q9Y6F6	NA
2/P35558/Q16822	NA
2/P35579/P35580	NA
2/P35579/P35749	NA
2/P35579/Q7Z406	NA
2/P35580/P35749	NA
2/P35580/Q13439	NA
2/P35580/Q7Z406	NA
2/P35637/Q92804	NA
2/P35749/Q7Z406	NA
2/P35900/Q99456	NA
2/P36405/Q13795	NA
2/P36406/P62330	NA
2/P36507/Q02750	NA
2/P36543/Q96A05	NA
2/P36575/P49407	NA
2/P36873/P62136	NA
2/P36959/Q9P2T1	NA
2/P37235/P84074	NA
2/P37802/Q9UI15	NA
2/P38159/Q96E39	NA
2/P39023/Q92901	NA
2/P39687/Q92688	NA
2/P40123/Q01518	NA
2/P40227/Q92526	NA
2/P40429/Q6NVV1	NA
2/P41091/Q2VIR3	NA
2/P41208/Q12798	NA
2/P41227/Q9BSU3	NA
2/P41236/Q6NXS1	NA
2/P42025/P61163	NA
2/P42166/P42167	NA
2/P42229/P51692	NA
2/P42330/Q04828	NA
2/P42677/Q71UM5	NA
2/P42704/Q13308	NA
2/P42771/P42772	NA
2/P43034/Q9BS26	NA
2/P45973/Q13185	NA
2/P45974/Q92995	NA
2/P46734/P52564	NA
2/P46783/Q9NQ39	NA
2/P46926/Q8TDQ7	NA
2/P46934/Q96PU5	NA
2/P46940/Q13576	NA
2/P46940/Q86VI3	NA
2/P47755/P52907	NA
2/P48059/Q7Z4I7	NA
2/P48436/P56693	NA
2/P48643/P50991	NA
2/P48643/Q6ZVL6	NA
2/P48729/Q8N752	NA
2/P48730/P49674	NA
2/P48739/Q00169	NA
2/P49137/Q16644	NA
2/P49585/Q9Y5K3	NA
2/P49753/Q86TX2	NA
2/P49757/Q9Y6R0	NA
2/P50225/P50226	NA
2/P50502/Q8IZP2	NA
2/P50502/Q8NFI4	NA
2/P50570/Q05193	NA
2/P50570/Q9UQ16	NA
2/P50851/Q8NFP9	NA
2/P50995/Q8NDF8	NA
2/P51003/Q9BWT3	NA
2/P51003/Q9NRJ5	NA
2/P51114/P51116	NA
2/P51151/Q9NP90	NA
2/P51531/P51532	NA
2/P51532/Q96A70	NA
2/P51610/Q9Y5Z7	NA
2/P51668/Q9Y2X8	NA
2/P51812/Q15349	NA
2/P51812/Q9UK32	NA
2/P52888/Q9BYT8	NA
2/P52895/Q04828	NA
2/P53365/P53367	NA
2/P53618/Q8TDG4	NA
2/P53621/Q12770	NA
2/P53621/Q15154	NA
2/P53675/Q00610	NA
2/P53677/Q9Y2T2	NA
2/P54725/P54727	NA
2/P54852/P62913	NA
2/P54868/Q01581	NA
2/P54920/Q9H115	NA
2/P55011/Q13621	NA
2/P55145/Q49AH0	NA
2/P55160/Q9BTE3	NA
2/P55209/Q99733	NA
2/P56377/P61966	NA
2/P56381/Q5VTU8	NA
2/P56545/Q13363	NA
2/P57721/Q15366	NA
2/P58107/Q15149	NA
2/P59074/Q9H444	NA
2/P60709/P63261	NA
2/P60763/P63000	NA
2/P60842/Q14240	NA
2/P61006/Q92930	NA
2/P61019/Q8WUD1	NA
2/P61077/P62837	NA
2/P61088/Q5JXB2	NA
2/P61158/Q9P1U1	NA
2/P61204/P84077	NA
2/P61224/P62834	NA
2/P61254/Q9UNX3	NA
2/P61326/Q96A72	NA
2/P61619/Q9H9S3	NA
2/P62136/P62140	NA
2/P62269/Q9BQS8	NA
2/P62328/P63313	NA
2/P62491/Q15907	NA
2/P62701/Q8TD47	NA
2/P62714/P67775	NA
2/P62805/Q99525	NA
2/P62820/Q9H0U4	NA
2/P62854/Q5JNZ5	NA
2/P62873/P62879	NA
2/P62879/Q9HAV0	NA
2/P62891/Q59GN2	NA
2/P63010/Q10567	NA
2/P63027/Q15836	NA
2/P63092/Q5JWF2	NA
2/P63151/Q66LE6	NA
2/P63151/Q9Y2T4	NA
2/P63167/Q96FJ2	NA
2/P63241/Q6IS14	NA
2/P63241/Q9GZV4	NA
2/P68104/Q05639	NA
2/P68104/Q5VTE0	NA
2/P68363/P68366	NA
2/P68400/Q8NEV1	NA
2/P78352/Q12959	NA
2/P78395/Q99832	NA
2/P78527/Q96EQ8	NA
2/P82930/Q9P035	NA
2/P83881/Q969Q0	NA
2/P83916/Q13185	NA
2/P84103/Q16629	NA
2/P85037/Q9NV79	NA
2/P98088/Q9HC84	NA
2/Q01081/Q8WU68	NA
2/Q01082/Q15431	NA
2/Q01130/Q9BRL6	NA
2/Q01484/Q9Y4W6	NA
2/Q01826/Q9UPW6	NA
2/Q02218/Q9ULD0	NA
2/Q02241/Q13332	NA
2/Q05DH4/Q10570	NA
2/Q06278/Q08722	NA
2/Q06587/Q99496	NA
2/Q06830/Q13162	NA
2/Q07666/Q5VWX1	NA
2/Q07866/Q9H0B6	NA
2/Q08170/Q13247	NA
2/Q09028/Q16576	NA
2/Q12792/Q6IBS0	NA
2/Q12800/Q9NZI7	NA
2/Q12906/Q96SI9	NA
2/Q13107/Q9Y4E8	NA
2/Q13153/Q13177	NA
2/Q13283/Q9UN86	NA
2/Q13310/Q5JQF8	NA
2/Q13330/Q9BTC8	NA
2/Q13362/Q14738	NA
2/Q13404/Q15819	NA
2/Q13509/Q9BUF5	NA
2/Q13547/Q92769	NA
2/Q13554/Q13555	NA
2/Q13619/Q13620	NA
2/Q13885/Q9BVA1	NA
2/Q13895/Q9NR09	NA
2/Q14004/Q9NYV4	NA
2/Q14141/Q9NVA2	NA
2/Q14151/Q15424	NA
2/Q14152/Q52LW3	NA
2/Q14152/Q96Q89	NA
2/Q14155/Q15052	NA
2/Q14160/Q9BTT6	NA
2/Q14161/Q9Y2X7	NA
2/Q14168/Q9NZW5	NA
2/Q14194/Q16555	NA
2/Q14498/Q86U06	NA
2/Q14671/Q8TB72	NA
2/Q14696/Q9Y4B6	NA
2/Q14839/Q8TDI0	NA
2/Q14980/Q8TDC3	NA
2/Q15019/Q9UHD8	NA
2/Q15031/Q9BQP9	NA
2/Q15147/Q6P2Q9	NA
2/Q15149/Q9UPN3	NA
2/Q15181/Q9H2U2	NA
2/Q15208/Q9Y2H1	NA
2/Q15365/Q15366	NA
2/Q15417/Q99439	NA
2/Q15436/Q15437	NA
2/Q15555/Q15691	NA
2/Q15643/Q8NCM8	NA
2/Q15691/Q9UPY8	NA
2/Q15797/Q99717	NA
2/Q16222/Q3KQV9	NA
2/Q16762/Q9UL42	NA
2/Q29RF7/Q9NTI5	NA
2/Q2QD12/Q96AT9	NA
2/Q32MZ4/Q9Y608	NA
2/Q3LXA3/Q96IV0	NA
2/Q4VC05/Q9BQE9	NA
2/Q52LJ0/Q8NCA5	NA
2/Q5JVS0/Q8NC51	NA
2/Q5M9Q1/Q8N5F7	NA
2/Q5MIZ7/Q6IN85	NA
2/Q5T035/Q9NZB2	NA
2/Q5T1J5/Q9Y6H1	NA
2/Q5T2N8/Q9NVI7	NA
2/Q5T4S7/Q9C099	NA
2/Q5T8P6/Q9P2N5	NA
2/Q5T9A4/Q9NVI7	NA
2/Q5T9S5/Q8IYS1	NA
2/Q5VSL9/Q9ULQ0	NA
2/Q5VWQ0/Q6PCB5	NA
2/Q5VZF2/Q9NR56	NA
2/Q5VZM2/Q7L523	NA
2/Q63ZY6/Q96P11	NA
2/Q659C4/Q6PKG0	NA
2/Q68DU8/Q96CX2	NA
2/Q6N069/Q9BXJ9	NA
2/Q6NSW5/Q8TCE6	NA
2/Q6NXG1/Q9H6T0	NA
2/Q6P158/Q7Z478	NA
2/Q6P2I3/Q96GK7	NA
2/Q6P474/Q6P996	NA
2/Q6P597/Q9NSK0	NA
2/Q6PKH6/Q9BTZ2	NA
2/Q6UWV6/Q9Y6X5	NA
2/Q6VN20/Q96S59	NA
2/Q7L1Q6/Q9Y6E2	NA
2/Q7L576/Q96F07	NA
2/Q7L7X3/Q9H2K8	NA
2/Q7L9L4/Q9H8S9	NA
2/Q7Z406/Q9H7C4	NA
2/Q7Z5L9/Q9H1B7	NA
2/Q7Z739/Q9BYJ9	NA
2/Q7Z7H5/Q8N967	NA
2/Q7Z7H5/Q9BVK6	NA
2/Q86SE5/Q9UKM9	NA
2/Q86TC9/Q8WX93	NA
2/Q86V35/Q96AY3	NA
2/Q86W92/Q8ND30	NA
2/Q86YB8/Q96HE7	NA
2/Q86YN1/Q9Y3C4	NA
2/Q86YP4/Q8WXI9	NA
2/Q8IXK0/Q8NDX5	NA
2/Q8IYK4/Q8NBJ5	NA
2/Q8IZP0/Q9NYB9	NA
2/Q8N3U4/Q8WVM7	NA
2/Q8N4C6/Q9P2E9	NA
2/Q8N4N8/Q99661	NA
2/Q8NDN9/Q96ER9	NA
2/Q8TAQ2/Q92922	NA
2/Q8TF09/Q9NP97	NA
2/Q8WUM4/Q9HCP0	NA
2/Q8WWM7/Q99700	NA
2/Q92928/Q9H0U4	NA
2/Q92945/Q96AE4	NA
2/Q96AE4/Q96I24	NA
2/Q96AK3/Q9UH17	NA
2/Q96BF6/Q96RE7	NA
2/Q96BM9/Q9NVJ2	NA
2/Q96C19/Q9BUP0	NA
2/Q96DC9/Q99758	NA
2/Q96DE0/Q9BRJ7	NA
2/Q96JB2/Q9P2J5	NA
2/Q96LI5/Q9ULM6	NA
2/Q96M86/Q9Y2S2	NA
2/Q96NW7/Q96RT1	NA
2/Q96NY7/Q9NZA1	NA
2/Q96P16/Q9NQG5	NA
2/Q96PU4/Q96T88	NA
2/Q96S99/Q9H8W4	NA
2/Q99873/Q9NR22	NA
2/Q99961/Q99962	NA
2/Q9BQ04/Q9BWF3	NA
2/Q9BQ39/Q9NR30	NA
2/Q9BWM7/Q9H9B4	NA
2/Q9BXB4/Q9BXB5	NA
2/Q9BXS5/Q9Y6Q5	NA
2/Q9BXT5/Q9Y4L1	NA
2/Q9BZ23/Q9H999	NA
2/Q9BZX2/Q9HA47	NA
2/Q9H0B6/Q9NSK0	NA
2/Q9H0Q0/Q9NUQ9	NA
2/Q9H1H9/Q9NQT8	NA
2/Q9H1K4/Q9H936	NA
2/Q9H223/Q9NZN4	NA
2/Q9H4M9/Q9NZN3	NA
2/Q9H9S4/Q9Y376	NA
2/Q9HB90/Q9NQL2	NA
2/Q9HBI1/Q9NVD7	NA
2/Q9NP72/Q9UL25	NA
2/Q9NPJ8/Q9UKK6	NA
2/Q9NPQ8/Q9NVN3	NA
2/Q9NQ29/Q9Y383	NA
2/Q9NR31/Q9Y6B6	NA
2/Q9NUU7/Q9UHL0	NA
2/Q9NUU7/Q9UMR2	NA
2/Q9NVP2/Q9Y294	NA
2/Q9NWU5/Q9P2P6	NA
2/Q9NYF8/Q9Y2W1	NA
2/Q9NYL9/Q9NZR1	NA
2/Q9NYU1/Q9NYU2	NA
2/Q9P0V9/Q9UH03	NA
2/Q9P289/Q9Y6E0	NA
2/Q9P2K3/Q9UKL0	NA
2/Q9UBF2/Q9Y678	NA
2/Q9UHD9/Q9UMX0	NA
2/Q9UKU0/Q9ULC5	NA
2/Q9UNF1/Q9Y5V3	NA
2/Q9UNH7/Q9Y5X3	NA
2/Q9Y490/Q9Y4G6	NA
2/Q9Y6D5/Q9Y6D6	NA
20/O95678/P02538/P04259/P04264/P05787/P08729/P12035/P13647/P19013/P35908/P48668/Q01546/Q14CN4/Q3SY84/Q5XKE5/Q7RTS7/Q7Z794/Q86Y46/Q8N1N4/Q9NSB2	NA
28/O94921/P06239/P06241/P06493/P07947/P07948/P08631/P09769/P11362/P11802/P20794/P21802/P22455/P22607/P24941/P50750/P51451/Q00526/Q00534/Q00535/Q00536/Q00537/Q07002/Q14004/Q8IZL9/Q96Q40/Q9NYV4/Q9UPZ9	NA
3/A0AV96/Q8TBY0/Q9NQ94	NA
3/A1L390/O43681/Q9NWW6	NA
3/A6NGE4/P0C7V8/Q5TAQ9	NA
3/A6NGU5/P19440/P36268	NA
3/A6NIZ1/P61224/P62834	NA
3/A6NKG5/P55212/Q04844	NA
3/A6NKZ8/A6NNZ2/Q3ZCM7	NA
3/A6NL28/P06753/P09493	NA
3/A6NL28/P06753/P67936	NA
3/A6NNZ2/Q13885/Q9BVA1	NA
3/B2RPK0/P09429/P23497	NA
3/B2RPK0/P09429/P26583	NA
3/E9PAV3/Q13765/Q9BZK3	NA
3/F5H284/P62937/Q9Y536	NA
3/H7BZ55/O60282/Q9Y4F1	NA
3/O00182/Q3B8N2/Q6DKI2	NA
3/O00308/Q96J02/Q9H0M0	NA
3/O00425/Q9NZI8/Q9Y6M1	NA
3/O00506/Q9P289/Q9Y6E0	NA
3/O00571/O15523/Q9NQI0	NA
3/O14910/Q9HAP6/Q9NUP9	NA
3/O14950/P19105/P24844	NA
3/O14950/P19105/Q96Q11	NA
3/O14979/Q14103/Q99729	NA
3/O14983/P16615/Q93084	NA
3/O15020/P11277/Q01082	NA
3/O15118/P15924/Q9UHC9	NA
3/O15131/O60684/P52294	NA
3/O15198/P84022/Q15796	NA
3/O15347/P0C6E5/P26583	NA
3/O43143/O60231/Q14562	NA
3/O43150/Q00535/Q9ULH1	NA
3/O43290/O60447/P07741	NA
3/O43488/O95154/Q8NHP1	NA
3/O43491/Q9H4G0/Q9Y2J2	NA
3/O43707/P12814/P35609	NA
3/O43707/P12814/Q08043	NA
3/O43739/Q15438/Q99418	NA
3/O43765/P31948/Q96EQ0	NA
3/O43933/P55072/Q8IYT4	NA
3/O60282/P33176/Q12840	NA
3/O60293/Q15751/Q9BVK6	NA
3/O60361/P15531/P22392	NA
3/O60907/Q9BQ87/Q9BZK7	NA
3/O75145/O75335/Q13136	NA
3/O75170/Q5H9R7/Q9UPN7	NA
3/O75191/Q13616/Q96JB5	NA
3/O75351/Q6PIW4/Q9UN37	NA
3/O75369/P21333/Q14315	NA
3/O75525/Q07666/Q5VWX1	NA
3/O75694/P12268/P20839	NA
3/O75914/Q13153/Q13177	NA
3/O94776/Q13330/Q9BTC8	NA
3/O95340/Q8NCI6/Q9Y5K6	NA
3/O95399/P11021/Q6NUP7	NA
3/O95678/P02538/P48668	NA
3/O95757/P34932/Q92598	NA
3/O95758/P26599/Q9UKA9	NA
3/O95819/Q8N4C8/Q9UKE5	NA
3/P00325/P00326/P07327	NA
3/P00338/Q6ZMR3/Q9BYZ2	NA
3/P01111/P01112/P01116	NA
3/P02545/P20700/Q03252	NA
3/P04075/P05062/P09972	NA
3/P04350/P07437/P68371	NA
3/P04350/P68371/Q13509	NA
3/P04350/P68371/Q3ZCM7	NA
3/P04899/P08754/P63096	NA
3/P05023/P13637/P50993	NA
3/P05141/P12235/P12236	NA
3/P05976/P08590/P60660	NA
3/P06241/P07947/P12931	NA
3/P06493/P24941/Q00526	NA
3/P06731/P13688/P31997	NA
3/P06733/P09104/P13929	NA
3/P06737/P11216/P11217	NA
3/P06753/P07951/P67936	NA
3/P07477/P07478/Q8NHM4	NA
3/P07478/P35030/Q8NHM4	NA
3/P07900/P08238/Q14568	NA
3/P07900/P08238/Q58FF7	NA
3/P07954/Q8NBZ7/Q9Y2K2	NA
3/P08107/P17066/P48741	NA
3/P08107/P34931/P38646	NA
3/P08134/P61586/P62745	NA
3/P08237/P17858/Q01813	NA
3/P08238/Q58FF7/Q58FF8	NA
3/P08582/P46531/Q86Y56	NA
3/P08727/P13646/P19012	NA
3/P09086/P14859/Q9UKI9	NA
3/P09488/P28161/Q03013	NA
3/P09488/P46439/Q03013	NA
3/P09651/P22626/Q32P51	NA
3/P09651/P51991/Q32P51	NA
3/P0C7P4/P42766/P47985	NA
3/P0CB38/P11940/Q13310	NA
3/P0CB46/P42574/P55212	NA
3/P0CG22/Q6PKH6/Q9BTZ2	NA
3/P10114/P61225/Q9Y3L5	NA
3/P10412/P16402/P16403	NA
3/P11142/P17066/P54652	NA
3/P11142/P38646/P54652	NA
3/P11171/Q9H4G0/Q9Y2J2	NA
3/P11908/P21108/P60891	NA
3/P11940/Q13310/Q9H361	NA
3/P11940/Q4VXU2/Q96DU9	NA
3/P11940/Q4VXU2/Q9H361	NA
3/P12270/Q14789/Q15019	NA
3/P12270/Q15154/Q93009	NA
3/P12277/P12532/P17540	NA
3/P12814/P35609/Q08043	NA
3/P13796/P13797/Q14651	NA
3/P15153/P60763/P63000	NA
3/P15259/P18669/Q8N0Y7	NA
3/P15311/P26038/P35241	NA
3/P16220/P18846/Q6QEF8	NA
3/P16298/P48454/Q08209	NA
3/P16520/P62873/P62879	NA
3/P16949/Q93045/Q9H169	NA
3/P16989/P67809/Q9Y2T7	NA
3/P17516/P42330/Q04828	NA
3/P17931/Q6ZN66/Q8TD57	NA
3/P19367/P52789/P52790	NA
3/P19367/P52789/Q2TB90	NA
3/P19784/P68400/Q8NEV1	NA
3/P20036/Q00839/Q8IUG5	NA
3/P20339/P51148/P61020	NA
3/P21127/Q13882/Q9UQ88	NA
3/P21266/P28161/P46439	NA
3/P22090/P62701/Q8TD47	NA
3/P23468/Q02556/Q9Y3A5	NA
3/P23763/P63027/Q15836	NA
3/P26378/Q12926/Q15717	NA
3/P27348/P31946/P63104	NA
3/P30085/P54819/Q5TCS8	NA
3/P30414/P62937/Q9UNP9	NA
3/P31943/P52597/P55795	NA
3/P35579/P35580/P35749	NA
3/P35579/P35580/Q7L2Z9	NA
3/P35579/P35749/Q7Z406	NA
3/P35580/P35749/Q7Z406	NA
3/P36873/P62136/P62140	NA
3/P37235/P61601/P84074	NA
3/P38919/P60842/Q14240	NA
3/P41236/Q6NXS1/Q96PQ5	NA
3/P42330/P51857/Q04828	NA
3/P42330/P52895/Q04828	NA
3/P43358/P43362/P43363	NA
3/P43686/P62191/P62195	NA
3/P46940/Q13576/Q86VI3	NA
3/P47897/Q86UY8/Q9BX66	NA
3/P50224/P50225/P50226	NA
3/P50502/Q8IZP2/Q8NFI4	NA
3/P50570/Q05193/Q9UQ16	NA
3/P50750/Q14004/Q9NYV4	NA
3/P51003/Q9BWT3/Q9NRJ5	NA
3/P51114/P51116/Q06787	NA
3/P51784/Q13107/Q9Y4E8	NA
3/P51812/Q15349/Q15418	NA
3/P51812/Q15349/Q9UK32	NA
3/P51812/Q15418/Q9UK32	NA
3/P51965/Q969T4/Q96LR5	NA
3/P55854/P61956/Q6EEV6	NA
3/P57721/Q15365/Q15366	NA
3/P57735/P62491/Q15907	NA
3/P60510/P62714/P67775	NA
3/P60709/P63261/Q562R1	NA
3/P60709/P63261/Q6S8J3	NA
3/P60842/Q14240/Q9P2H5	NA
3/P61204/P84077/P84085	NA
3/P62191/P62195/Q8NB90	NA
3/P62736/P63267/P68032	NA
3/P62736/P68032/P68133	NA
3/P62820/Q92928/Q9H0U4	NA
3/P62873/P62879/Q9HAV0	NA
3/P62879/Q9BRK4/Q9HAV0	NA
3/P63151/Q00005/Q66LE6	NA
3/P63241/Q6IS14/Q9GZV4	NA
3/P68104/Q05639/Q5VTE0	NA
3/P68363/Q71U36/Q9BQE3	NA
3/P68371/Q13885/Q9BVA1	NA
3/P69849/Q15155/Q5JPE7	NA
3/P78347/Q6EKJ0/Q86UP8	NA
3/P78362/Q96SB4/Q9UPE1	NA
3/P98088/Q02817/Q9HC84	NA
3/Q07866/Q9H0B6/Q9NSK0	NA
3/Q08170/Q13243/Q13247	NA
3/Q12873/Q14839/Q8TDI0	NA
3/Q12959/Q15700/Q92796	NA
3/Q13404/Q15819/Q8NGI1	NA
3/Q13554/Q13557/Q9UQM7	NA
3/Q13796/Q8TF72/Q9ULL8	NA
3/Q14117/Q14194/Q14195	NA
3/Q14141/Q92599/Q9NVA2	NA
3/Q14161/Q8NEB7/Q9Y2X7	NA
3/Q14194/Q14195/Q16555	NA
3/Q15046/Q5T6F0/Q5VW00	NA
3/Q16881/Q86VQ6/Q9NNW7	NA
3/Q53EL6/Q9UBN4/Q9UL62	NA
3/Q53FZ2/Q8NE18/Q9Y2Z2	NA
3/Q5T2N8/Q5T9A4/Q9NVI7	NA
3/Q5VYJ5/Q7Z739/Q9Y5A9	NA
3/Q5VZF2/Q9NR56/Q9NUK0	NA
3/Q7L099/Q8WXA3/Q96T51	NA
3/Q7L7X3/Q9H257/Q9H2K8	NA
3/Q7Z5L9/Q8IU81/Q9H1B7	NA
3/Q7Z739/Q9BYJ9/Q9Y5A9	NA
3/Q8IYU4/Q9UHD9/Q9UMX0	NA
3/Q92945/Q96AE4/Q96I24	NA
3/Q96J92/Q9H4A3/Q9Y3S1	NA
3/Q9H223/Q9H4M9/Q9NZN3	NA
3/Q9NQX4/Q9ULV0/Q9Y4I1	NA
3/Q9NRR5/Q9UHD9/Q9UMX0	NA
30/P01889/P03989/P10321/P13747/P18463/P18465/P30460/P30461/P30462/P30464/P30466/P30475/P30479/P30480/P30483/P30484/P30485/P30486/P30487/P30488/P30492/P30493/P30495/Q04826/Q29718/Q29836/Q29940/Q31610/Q31612/Q95365	NA
30/P01891/P01892/P10314/P10316/P10321/P16188/P16189/P16190/P18463/P30453/P30459/P30460/P30462/P30466/P30479/P30480/P30492/P30493/P30499/P30504/P30505/P30508/P30510/P30512/Q07000/Q29865/Q29940/Q29960/Q29963/Q9TNN7	NA
32/A6NDJ8/O00194/O95716/P20336/P20337/P20338/P20340/P51159/P59190/P61006/P61018/P61026/P61106/P62820/Q14964/Q15286/Q15771/Q5JT25/Q6IQ22/Q7Z6P3/Q86YS6/Q8IZ41/Q92928/Q92930/Q96AX2/Q96DA2/Q96E17/Q9BZG1/Q9H082/Q9H0U4/Q9NP90/Q9NRW1	NA
34/P01889/P03989/P10319/P18463/P18464/P18465/P30460/P30461/P30462/P30464/P30466/P30475/P30479/P30480/P30481/P30483/P30484/P30485/P30486/P30487/P30488/P30490/P30491/P30492/P30493/P30495/P30498/P30685/Q04826/Q29718/Q29836/Q29940/Q31610/Q95365	NA
37/P01891/P01892/P01893/P04222/P04439/P05534/P10314/P10316/P10321/P13746/P16188/P16189/P16190/P18462/P30443/P30447/P30450/P30453/P30455/P30456/P30457/P30459/P30499/P30501/P30504/P30505/P30508/P30510/P30512/Q07000/Q09160/Q29865/Q29960/Q29963/Q31612/Q95604/Q9TNN7	NA
39/P01889/P01893/P04222/P04439/P10314/P10321/P13746/P16188/P16189/P16190/P17693/P18462/P30443/P30450/P30453/P30455/P30456/P30457/P30459/P30460/P30479/P30480/P30486/P30499/P30501/P30504/P30505/P30508/P30510/P30512/Q04826/Q07000/Q09160/Q29865/Q29963/Q31610/Q31612/Q95604/Q9TNN7	NA
4/A2BFH1/F5H284/P62937/Q9Y536	NA
4/A5A3E0/P0CG38/P0CG39/Q6S8J3	NA
4/B0I1T2/O43795/O94832/Q9UBC5	NA
4/B5ME19/P17066/Q8ND83/Q99613	NA
4/O00571/O15523/P17844/Q92841	NA
4/O00712/P08651/Q12857/Q14938	NA
4/O14980/P25205/Q9BU23/Q9NUA8	NA
4/O15020/P11277/Q01082/Q9H254	NA
4/O43423/O95626/P39687/Q92688	NA
4/O43497/Q93084/Q9H4A6/Q9NV70	NA
4/O43707/P12814/P35609/Q08043	NA
4/O60825/P16118/Q16875/Q16877	NA
4/O75037/Q2M1P5/Q7Z4S6/Q86VH2	NA
4/O75475/P51858/Q7Z4V5/Q9Y3E1	NA
4/O75526/P38159/Q8N7X1/Q96E39	NA
4/O95716/P20336/P20337/Q96E17	NA
4/O95989/Q8NFP7/Q96G61/Q9NZJ9	NA
4/P00338/P07195/P07864/Q6ZMR3	NA
4/P01857/P01859/P01860/P01861	NA
4/P02533/P08779/P35900/Q04695	NA
4/P02538/P04259/P05787/P48668	NA
4/P04350/P07437/P68371/Q13509	NA
4/P04732/P04733/P07438/Q93083	NA
4/P04899/P08754/P09471/P63096	NA
4/P05023/P13637/P20648/P50993	NA
4/P05023/P13637/P50993/Q13733	NA
4/P05141/P12235/P12236/Q9H0C2	NA
4/P06239/P06241/P07947/P12931	NA
4/P06276/P68104/Q05639/Q5VTE0	NA
4/P06753/P07951/P09493/P67936	NA
4/P07437/P68371/Q13885/Q9BVA1	NA
4/P07437/Q13509/Q13885/Q9BVA1	NA
4/P07900/P08238/Q12931/Q58FF7	NA
4/P07900/P08238/Q14568/Q58FF8	NA
4/P07900/P08238/Q58FF6/Q58FF7	NA
4/P07900/P08238/Q58FF7/Q58FF8	NA
4/P07947/P07948/P08631/P12931	NA
4/P08107/P17066/P34931/P48741	NA
4/P08133/P09525/P50995/Q9UJ72	NA
4/P09651/P22626/P51991/Q32P51	NA
4/P0CG38/P0CG39/Q6S8J3/Q9BYX7	NA
4/P0CG47/P0CG48/P62979/P62987	NA
4/P11021/P11142/P34931/P54652	NA
4/P11940/Q13310/Q4VXU2/Q9H361	NA
4/P11940/Q4VXU2/Q5JQF8/Q9H361	NA
4/P15311/P26038/P35240/P35241	NA
4/P16520/P62873/P62879/Q9HAV0	NA
4/P17516/P42330/P52895/Q04828	NA
4/P17844/Q92841/Q9H0S4/Q9Y6V7	NA
4/P18085/P61204/P84077/P84085	NA
4/P19367/P52789/P52790/Q2TB90	NA
4/P30838/P43353/P48448/P51648	NA
4/P31947/P61981/P63104/Q04917	NA
4/P34932/Q13555/Q13557/Q9UQM7	NA
4/P35579/P35580/P35749/Q7Z406	NA
4/P35579/P35580/Q6ZW76/Q7Z406	NA
4/P35579/P35749/Q7Z406/Q9UKX3	NA
4/P35998/P43686/P62191/P62195	NA
4/P51668/P61077/P62837/Q9Y2X8	NA
4/P51812/Q15349/Q15418/Q9UK32	NA
4/P51812/Q15418/Q8IW41/Q9UK32	NA
4/P61758/Q5BJE1/Q9NYC9/Q9UFH2	NA
4/P62736/P63267/P68032/P68133	NA
4/P63151/Q00005/Q66LE6/Q9Y2T4	NA
4/P68431/P84243/Q16695/Q71DI3	NA
4/Q04724/Q04725/Q04726/Q04727	NA
4/Q13362/Q14738/Q15173/Q16537	NA
4/Q13554/Q13555/Q13557/Q9UQM7	NA
4/Q15386/Q9NZ52/Q9UJY4/Q9UJY5	NA
4/Q9H9G7/Q9HCK5/Q9UKV8/Q9UL18	NA
41/P01891/P01892/P04222/P04439/P05534/P10314/P10316/P10319/P13746/P16188/P16189/P16190/P18462/P18464/P18465/P30443/P30447/P30450/P30453/P30455/P30456/P30457/P30459/P30464/P30484/P30490/P30491/P30492/P30493/P30495/P30498/P30501/P30504/P30508/P30510/P30512/P30685/Q07000/Q29940/Q29960/Q95604	NA
43/P01889/P03989/P04222/P10319/P10321/P18463/P18464/P18465/P30460/P30462/P30464/P30466/P30475/P30479/P30480/P30481/P30483/P30484/P30485/P30487/P30488/P30490/P30491/P30492/P30493/P30495/P30498/P30499/P30501/P30504/P30505/P30508/P30510/P30685/Q04826/Q07000/Q29718/Q29836/Q29865/Q29940/Q29963/Q31612/Q95365	NA
5/A6NHL2/P68363/P68366/Q71U36/Q9BQE3	NA
5/A6NKT7/O14715/P49792/Q7Z3J3/Q99666	NA
5/A6NKT7/P0DJD0/P0DJD1/P49792/Q7Z3J3	NA
5/A6NNZ2/P04350/P07437/P68371/Q3ZCM7	NA
5/A8K0Z3/A8MWX3/C4AMC7/Q6VEQ5/Q9NQA3	NA
5/O00571/O15523/P17844/Q92841/Q9NQI0	NA
5/O15198/P84022/Q15796/Q15797/Q99717	NA
5/O43707/P12814/P35609/Q01082/Q08043	NA
5/O43930/P49137/P51817/Q16644/Q96PN8	NA
5/O94788/P00352/P05091/P30837/P47895	NA
5/P01111/P01112/P01116/P61224/P62834	NA
5/P01892/P10316/P10321/Q31612/Q95604	NA
5/P02042/P02100/P68871/P69891/P69892	NA
5/P02533/P08727/P08779/P19012/Q04695	NA
5/P02795/P04731/P13640/P80294/P80297	NA
5/P02795/P04732/P13640/P80297/Q8N339	NA
5/P04350/P07437/P68371/Q13885/Q9BVA1	NA
5/P04439/P13746/P16188/P30443/P30455	NA
5/P05023/P13637/P50993/P54707/Q13733	NA
5/P05787/P08729/P14136/P19013/Q6KB66	NA
5/P07437/P68371/Q13509/Q13885/Q9BVA1	NA
5/P07900/P08238/Q14568/Q58FF6/Q58FF8	NA
5/P07900/P08238/Q14568/Q58FF7/Q58FF8	NA
5/P07900/P08238/Q14568/Q58FF7/Q58FG1	NA
5/P07900/P08238/Q14568/Q58FF8/Q58FG1	NA
5/P07900/P08238/Q58FF6/Q58FF7/Q58FF8	NA
5/P07900/P08238/Q58FF6/Q58FF7/Q58FG0	NA
5/P08238/P14625/Q58FF6/Q58FF7/Q58FF8	NA
5/P09651/P22626/P51991/Q13151/Q32P51	NA
5/P10412/P16402/P16403/P22492/Q02539	NA
5/P11055/P12882/P13535/Q9UKX2/Q9Y623	NA
5/P16444/P42704/Q12768/Q7L2E3/Q9Y4D8	NA
5/P27348/P31946/P31947/P61981/Q04917	NA
5/P43403/P43405/Q14012/Q8IU85/Q8NFD2	NA
5/P68363/P68366/Q13748/Q6PEY2/Q71U36	NA
5/P68363/P68366/Q13748/Q71U36/Q9BQE3	NA
5/P68363/P68366/Q9BQE3/Q9H853/Q9NY65	NA
5/P68363/Q13748/Q6PEY2/Q71U36/Q9BQE3	NA
5/P68431/P84243/Q16695/Q6NXT2/Q71DI3	NA
5/Q14141/Q16181/Q6ZU15/Q92599/Q9NVA2	NA
53/P01889/P01893/P03989/P04222/P04439/P05534/P10319/P13746/P13747/P16188/P17693/P18463/P18464/P18465/P30443/P30447/P30455/P30460/P30461/P30462/P30464/P30466/P30475/P30479/P30480/P30481/P30483/P30484/P30485/P30487/P30488/P30490/P30491/P30492/P30493/P30495/P30498/P30501/P30504/P30505/P30508/P30510/P30685/Q04826/Q07000/Q29718/Q29836/Q29865/Q29940/Q29960/Q29963/Q95365/Q9TNN7	NA
54/P01889/P01891/P01892/P03989/P04439/P05534/P10314/P10316/P10319/P13746/P16188/P16189/P16190/P18462/P18463/P18464/P18465/P30443/P30447/P30450/P30453/P30455/P30456/P30457/P30459/P30460/P30461/P30462/P30464/P30466/P30475/P30479/P30480/P30481/P30483/P30484/P30485/P30486/P30487/P30488/P30490/P30491/P30492/P30493/P30495/P30498/P30512/P30685/Q04826/Q29718/Q29836/Q29940/Q31610/Q95365	NA
6/A6NIZ1/P01111/P01112/P01116/P61224/P62834	NA
6/O14646/O14647/Q3L8U1/Q8TD26/Q9HCK8/Q9P2D1	NA
6/O15320/Q5TFE4/Q96QE3/Q9UJ70/Q9Y467/Q9Y592	NA
6/O43790/P78385/P78386/Q14533/Q9NSB2/Q9NSB4	NA
6/O43896/O60333/Q02241/Q12756/Q9BW19/Q9NQT8	NA
6/O75830/P29508/P30740/P48594/P50452/P50453	NA
6/O95239/Q2VIQ3/Q6ZMV9/Q96AC6/Q96L93/Q9Y496	NA
6/P02533/P08727/P13645/P19012/Q04695/Q7Z3Y8	NA
6/P02533/P08779/P13646/P19012/P35900/Q04695	NA
6/P02538/P04259/P04264/P05787/P13647/P48668	NA
6/P04264/P05787/P08729/P14136/P19013/Q6KB66	NA
6/P04350/P07437/P68371/Q13509/Q13885/Q9BVA1	NA
6/P05023/P13637/P20648/P50993/P54707/Q13733	NA
6/P06241/P07947/P07948/P08631/P09769/P12931	NA
6/P07237/P13667/P30101/Q15084/Q8NBS9/Q96JJ7	NA
6/P07900/P08238/Q14568/Q58FF6/Q58FF7/Q58FF8	NA
6/P08107/P11142/P17066/P34931/P48741/P54652	NA
6/P10412/P16401/P16402/P16403/P22492/Q02539	NA
6/P11055/P12882/P12883/Q9UKX2/Q9UKX3/Q9Y623	NA
6/P16298/P36873/P48454/P62136/P62140/Q08209	NA
6/P60709/P62736/P63261/P63267/P68032/P68133	NA
6/P68363/P68366/Q13748/Q6PEY2/Q71U36/Q9BQE3	NA
6/P68363/P68366/Q13748/Q6PEY2/Q71U36/Q9NY65	NA
6/P68363/P68366/Q13748/Q71U36/Q9BQE3/Q9NY65	NA
7/A5A3E0/P0CG38/P0CG39/P60709/P63261/Q6S8J3/Q9BYX7	NA
7/A6NHL2/P68363/P68366/Q13748/Q71U36/Q9BQE3/Q9NY65	NA
7/A6NKT7/O14715/P0DJD0/P0DJD1/P49792/Q7Z3J3/Q99666	NA
7/A6NNZ2/P04350/P07437/P68371/Q13885/Q3ZCM7/Q9BVA1	NA
7/O00762/P51965/P61086/P61088/Q92785/Q969T4/Q96LR5	NA
7/P01891/P04439/P10316/P13746/P16188/P30453/P30457	NA
7/P01893/P04439/P05534/P13746/P30443/P30455/Q09160	NA
7/P02533/P08779/P13645/Q7Z3Y7/Q7Z3Y8/Q7Z3Y9/Q7Z3Z0	NA
7/P02538/P04259/P04264/P05787/P13647/P48668/Q5XKE5	NA
7/P04350/P07437/P68371/Q13509/Q13885/Q9BUF5/Q9BVA1	NA
7/P06899/P23527/P33778/Q16778/Q6DN03/Q6DRA6/Q8N257	NA
7/P07196/P07197/P08670/P12036/P14136/P17661/Q16352	NA
7/P08107/P11021/P11142/P17066/P34931/P48741/P54652	NA
7/P15153/P17081/P60763/P60953/P63000/P84095/Q9H4E5	NA
7/P27348/P31946/P31947/P61981/P62258/P63104/Q04917	NA
7/P60709/P62736/P63261/P63267/P68032/P68133/Q562R1	NA
7/P68363/P68366/Q13748/Q6PEY2/Q71U36/Q9BQE3/Q9NY65	NA
8/A6NHL2/P68363/P68366/Q13748/Q6PEY2/Q71U36/Q9BQE3/Q9NY65	NA
8/A6NKZ8/A6NNZ2/P07437/P68371/Q13885/Q3ZCM7/Q9BVA1/Q9H4B7	NA
8/O00141/P23443/P31749/P31751/Q96BR1/Q9HBY8/Q9UBS0/Q9Y243	NA
8/O14782/O15066/Q02224/Q9BVG8/Q9HAQ2/Q9NS87/Q9P2E2/Q9P2P6	NA
8/O75131/O95741/Q86YQ8/Q8IYJ1/Q96A23/Q96FN4/Q9HCH3/Q9UBL6	NA
8/O76009/O76011/P13646/P35900/Q14525/Q15323/Q6A162/Q9C075	NA
8/P02533/P08727/P08779/P13645/P19012/P35527/Q04695/Q99456	NA
8/P02533/P08727/P08779/P13646/P19012/P35900/Q04695/Q8N1A0	NA
8/P04264/P05787/P08670/P08729/P17661/P41219/Q7Z794/Q9NSB2	NA
8/P11055/P12882/P12883/P13533/P13535/Q9UKX2/Q9UKX3/Q9Y623	NA
8/P29317/P29323/P54753/P54760/P54762/P54764/Q15375/Q9UF33	NA
8/P68363/P68366/Q13748/Q6PEY2/Q71U36/Q9BQE3/Q9H853/Q9NY65	NA
9/A5A3E0/P0CG38/P0CG39/P60709/P63261/P68032/P68133/Q6S8J3/Q9BYX7	NA
9/A6NKZ8/A6NNZ2/P04350/P07437/P68371/Q13885/Q3ZCM7/Q9BUF5/Q9BVA1	NA
9/A6NNZ2/P04350/P07437/P68371/Q13509/Q13885/Q3ZCM7/Q9BUF5/Q9BVA1	NA
9/O60656/P19224/P22309/P22310/P35503/P35504/Q9HAW7/Q9HAW8/Q9HAW9	NA
9/O60814/P57053/P58876/P62807/Q5QNW6/Q93079/Q99877/Q99879/Q99880	NA
9/P01893/P04439/P05534/P13746/P16188/P30443/P30447/P30455/Q09160	NA
9/P0C0S8/Q16777/Q6FI13/Q8IUE6/Q93077/Q96KK5/Q96QV6/Q99878/Q9BTM1	NA
9/P51153/P59190/P61006/P61026/P62820/Q15286/Q92928/Q92930/Q9H0U4	NA
A0AV96	RBM47
A0AVT1	UBA6
A0FGR8	ESYT2
A0MZ66	KIAA1598
A1L0T0	ILVBL
A1X283	SH3PXD2B
A2RRP1	NBAS
A3KMH1	VWA8
A4D1E9	GTPBP10
A5A3E0	POTEF
A5YKK6	CNOT1
A6H8Y1	BDP1
A6NCS6	C2orf72
A6ND36	FAM83G
A6NDG6	PGP
A6NHR9	SMCHD1
A6NIH7	UNC119B
A6NL28	NA
A8MXV4	NUDT19
O00115	DNASE2
O00116	AGPS
O00139	KIF2A
O00142	TK2
O00148	DDX39A
O00151	PDLIM1
O00154	ACOT7
O00159	MYO1C
O00161	SNAP23
O00165	HAX1
O00170	AIP
O00175	CCL24
O00178	GTPBP1
O00182	LGALS9
O00186	STXBP3
O00193	SMAP
O00194	RAB27B
O00203	AP3B1
O00217	NDUFS8
O00231	PSMD11
O00232	PSMD12
O00233	PSMD9
O00244	ATOX1
O00255	MEN1
O00264	PGRMC1
O00267	SUPT5H
O00273	DFFA
O00299	CLIC1
O00303	EIF3F
O00330	PDHX
O00338	SULT1C2
O00391	QSOX1
O00399	DCTN6
O00401	WASL
O00410	IPO5
O00422	SAP18
O00425	IGF2BP3
O00429	DNM1L
O00442	RTCA
O00461	GOLIM4
O00462	MANBA
O00468	AGRN
O00469	PLOD2
O00471	EXOC5
O00479	HMGN4
O00483	NDUFA4
O00487	PSMD14
O00499	BIN1
O00505	KPNA3
O00515	LAD1
O00519	FAAH
O00534	VWA5A
O00541	PES1
O00560	SDCBP
O00566	MPHOSPH10
O00567	NOP56
O00571	DDX3X
O00584	RNASET2
O00592	PODXL
O00625	PIR
O00629	KPNA4
O00746	NME4
O00748	CES2
O00754	MAN2B1
O00757	FBP2
O00762	UBE2C
O00764	PDXK
O00767	SCD
O14497	ARID1A
O14530	TXNDC9
O14556	GAPDHS
O14561	NDUFAB1
O14562	UBFD1
O14578	CIT
O14579	COPE
O14617	AP3D1
O14618	CCS
O14639	ABLIM1
O14647	CHD2
O14656	TOR1A
O14657	TOR1B
O14662	STX16
O14672	ADAM10
O14732	IMPA2
O14734	ACOT8
O14737	PDCD5
O14744	PRMT5
O14745	SLC9A3R1
O14773	TPP1
O14776	TCERG1
O14777	NDC80
O14787	TNPO2
O14818	PSMA7
O14828	SCAMP3
O14841	OPLAH
O14874	BCKDK
O14880	MGST3
O14896	IRF6
O14907	TAX1BP3
O14908	GIPC1
O14929	HAT1
O14936	CASK
O14949	UQCRQ
O14957	UQCR11
O14964	HGS
O14965	AURKA
O14974	PPP1R12A
O14976	GAK
O14979	HNRNPDL
O14980	XPO1
O15027	SEC16A
O15031	PLXNB2
O15042	U2SURP
O15066	KIF3B
O15067	PFAS
O15116	LSM1
O15126	SCAMP1
O15127	SCAMP2
O15143	ARPC1B
O15144	ARPC2
O15145	ARPC3
O15160	POLR1C
O15173	PGRMC2
O15195	VILL
O15212	PFDN6
O15226	NKRF
O15228	GNPAT
O15230	LAMA5
O15231	ZNF185
O15235	MRPS12
O15260	SURF4
O15264	MAPK13
O15269	SPTLC1
O15270	SPTLC2
O15294	OGT
O15305	PMM2
O15347	HMGB3
O15355	PPM1G
O15357	INPPL1
O15371	EIF3D
O15372	EIF3H
O15382	BCAT2
O15397	IPO8
O15400	STX7
O15427	SLC16A3
O15446	CD3EAP
O15460	P4HA2
O15484	CAPN5
O15498	YKT6
O15511	ARPC5
O15533	TAPBP
O15551	CLDN3
O43143	DHX15
O43148	RNMT
O43156	TTI1
O43169	CYB5B
O43172	PRPF4
O43175	PHGDH
O43181	NDUFS4
O43237	DYNC1LI2
O43242	PSMD3
O43252	PAPSS1
O43264	ZW10
O43278	SPINT1
O43290	SART1
O43291	SPINT2
O43301	HSPA12A
O43324	EEF1E1
O43390	HNRNPR
O43395	PRPF3
O43396	TXNL1
O43399	TPD52L2
O43402	EMC8
O43414	ERI3
O43426	SYNJ1
O43432	EIF4G3
O43447	PPIH
O43464	HTRA2
O43488	AKR7A2
O43491	EPB41L2
O43493	TGOLN2
O43504	LAMTOR5
O43583	DENR
O43592	XPOT
O43598	DNPH1
O43615	TIMM44
O43617	TRAPPC3
O43633	CHMP2A
O43639	NCK2
O43653	PSCA
O43657	TSPAN6
O43660	PLRG1
O43670	ZNF207
O43674	NDUFB5
O43676	NDUFB3
O43678	NDUFA2
O43681	ASNA1
O43684	BUB3
O43707	ACTN4
O43708	GSTZ1
O43715	TRIAP1
O43716	GATC
O43719	HTATSF1
O43747	AP1G1
O43752	STX6
O43760	SYNGR2
O43765	SGTA
O43768	ENSA
O43776	NARS
O43795	MYO1B
O43805	SSNA1
O43809	NUDT21
O43813	LANCL1
O43815	STRN
O43818	RRP9
O43819	SCO2
O43823	AKAP8
O43824	GTPBP6
O43837	IDH3B
O43847	NRD1
O43852	CALU
O43913	ORC5
O43920	NDUFS5
O43929	ORC4
O43933	PEX1
O60216	RAD21
O60218	AKR1B10
O60220	TIMM8A
O60231	DHX16
O60232	SSSCA1
O60234	GMFG
O60256	PRPSAP2
O60264	SMARCA5
O60266	ADCY3
O60271	SPAG9
O60282	KIF5C
O60306	AQR
O60313	OPA1
O60341	KDM1A
O60343	TBC1D4
O60437	PPL
O60488	ACSL4
O60493	SNX3
O60502	MGEA5
O60506	SYNCRIP
O60508	CDC40
O60547	GMDS
O60568	PLOD3
O60573	EIF4E2
O60610	DIAPH1
O60613	SEP15
O60635	TSPAN1
O60637	TSPAN3
O60645	EXOC3
O60664	PLIN3
O60678	PRMT3
O60684	KPNA6
O60701	UGDH
O60716	CTNND1
O60749	SNX2
O60762	DPM1
O60763	USO1
O60783	MRPS14
O60825	PFKFB2
O60828	PQBP1
O60831	PRAF2
O60832	DKC1
O60841	EIF5B
O60869	EDF1
O60879	DIAPH2
O60884	DNAJA2
O60885	BRD4
O60888	CUTA
O60925	PFDN1
O60936	NOL3
O75083	WDR1
O75116	ROCK2
O75122	CLASP2
O75131	CPNE3
O75146	HIP1R
O75150	RNF40
O75152	ZC3H11A
O75153	CLUH
O75165	DNAJC13
O75179	ANKRD17
O75190	DNAJB6
O75191	XYLB
O75208	COQ9
O75223	GGCT
O75251	NDUFS7
O75306	NDUFS2
O75312	ZPR1
O75323	GBAS
O75340	PDCD6
O75347	TBCA
O75348	ATP6V1G1
O75351	VPS4B
O75356	ENTPD5
O75363	BCAS1
O75367	H2AFY
O75368	SH3BGRL
O75369	FLNB
O75380	NDUFS6
O75390	CS
O75391	SPAG7
O75394	MRPL33
O75396	SEC22B
O75400	PRPF40A
O75410	TACC1
O75431	MTX2
O75436	VPS26A
O75438	NDUFB1
O75439	PMPCB
O75448	MED24
O75475	PSIP1
O75477	ERLIN1
O75489	NDUFS3
O75494	SRSF10
O75506	HSBP1
O75521	ECI2
O75525	KHDRBS3
O75530	EED
O75531	BANF1
O75533	SF3B1
O75534	CSDE1
O75569	PRKRA
O75600	GCAT
O75607	NPM3
O75608	LYPLA1
O75616	ERAL1
O75635	SERPINB7
O75643	SNRNP200
O75663	TIPRL
O75674	TOM1L1
O75683	SURF6
O75691	UTP20
O75694	NUP155
O75695	RP2
O75717	WDHD1
O75718	CRTAP
O75764	TCEA3
O75787	ATP6AP2
O75792	RNASEH2A
O75794	CDC123
O75821	EIF3G
O75822	EIF3J
O75828	CBR3
O75832	PSMD10
O75843	AP1G2
O75844	ZMPSTE24
O75874	IDH1
O75879	GATB
O75880	SCO1
O75882	ATRN
O75891	ALDH1L1
O75909	CCNK
O75915	ARL6IP5
O75934	BCAS2
O75935	DCTN3
O75936	BBOX1
O75937	DNAJC8
O75940	SMNDC1
O75947	ATP5H
O75955	FLOT1
O75964	ATP5L
O75970	MPDZ
O76003	GLRX3
O76021	RSL1D1
O76031	CLPX
O76041	NEBL
O76071	CIAO1
O76094	SRP72
O94760	DDAH1
O94776	MTA2
O94817	ATG12
O94819	KBTBD11
O94826	TOMM70A
O94830	DDHD2
O94832	MYO1D
O94842	TOX4
O94855	SEC24D
O94874	UFL1
O94880	PHF14
O94888	UBXN7
O94903	PROSC
O94905	ERLIN2
O94906	PRPF6
O94915	FRYL
O94925	GLS
O94973	AP2A2
O94979	SEC31A
O94992	HEXIM1
O95049	TJP3
O95059	RPP14
O95071	UBR5
O95084	PRSS23
O95104	SCAF4
O95140	MFN2
O95154	AKR7A3
O95155	UBE4B
O95159	ZFPL1
O95163	IKBKAP
O95168	NDUFB4
O95182	NDUFA7
O95197	RTN3
O95202	LETM1
O95218	ZRANB2
O95219	SNX4
O95232	LUC7L3
O95239	KIF4A
O95292	VAPB
O95295	SNAPIN
O95299	NDUFA10
O95302	FKBP9
O95319	CELF2
O95336	PGLS
O95340	PAPSS2
O95347	SMC2
O95352	ATG7
O95359	TACC2
O95373	IPO7
O95394	PGM3
O95396	MOCS3
O95400	CD2BP2
O95433	AHSA1
O95445	APOM
O95447	LCA5L
O95453	PARN
O95456	PSMG1
O95478	NSA2
O95479	H6PD
O95486	SEC24A
O95487	SEC24B
O95562	SFT2D2
O95571	ETHE1
O95573	ACSL3
O95602	POLR1A
O95619	YEATS4
O95630	STAMBP
O95639	CPSF4
O95671	ASMTL
O95678	KRT75
O95684	FGFR1OP
O95714	HERC2
O95721	SNAP29
O95747	OXSR1
O95757	HSPA4L
O95758	PTBP3
O95777	LSM8
O95782	AP2A1
O95793	STAU1
O95810	SDPR
O95816	BAG2
O95817	BAG3
O95831	AIFM1
O95834	EML2
O95857	TSPAN13
O95861	BPNT1
O95865	DDAH2
O95881	TXNDC12
O95989	NUDT3
O95994	AGR2
O95999	BCL10
O96000	NDUFB10
O96007	MOCS2
O96008	TOMM40
O96013	PAK4
O96019	ACTL6A
P00167	CYB5A
P00326	ADH1C
P00338	LDHA
P00352	ALDH1A1
P00367	GLUD1
P00374	DHFR
P00387	CYB5R3
P00390	GSR
P00403	MT-CO2
P00439	PAH
P00441	SOD1
P00491	PNP
P00492	HPRT1
P00505	GOT2
P00558	PGK1
P00568	AK1
P00813	ADA
P00846	MT-ATP6
P00915	CA1
P00918	CA2
P00966	ASS1
P01008	SERPINC1
P01009	SERPINA1
P01019	AGT
P01023	A2M
P01024	C3
P01033	TIMP1
P01034	CST3
P01111	NRAS
P01833	PIGR
P01857	IGHG1
P01891	HLA-A
P02452	COL1A1
P02462	COL4A1
P02511	CRYAB
P02545	LMNA
P02647	APOA1
P02656	APOC3
P02675	FGB
P02679	FGG
P02743	APCS
P02750	LRG1
P02751	FN1
P02753	RBP4
P02768	ALB
P02786	TFRC
P02787	TF
P02790	HPX
P02792	FTL
P02794	FTH1
P04040	CAT
P04062	GBA
P04066	FUCA1
P04075	ALDOA
P04080	CSTB
P04083	ANXA1
P04155	TFF1
P04179	SOD2
P04181	OAT
P04183	TK1
P04233	CD74
P04264	KRT1
P04350	TUBB4A
P04406	GAPDH
P04424	ASL
P04439	HLA-A
P04632	CAPNS1
P04637	TP53
P04792	HSPB1
P04818	TYMS
P04843	RPN1
P04844	RPN2
P04899	GNAI2
P05023	ATP1A1
P05026	ATP1B1
P05067	APP
P05091	ALDH2
P05114	HMGN1
P05141	SLC25A5
P05161	ISG15
P05165	PCCA
P05166	PCCB
P05198	EIF2S1
P05204	HMGN2
P05362	ICAM1
P05386	RPLP1
P05387	RPLP2
P05388	RPLP0
P05423	POLR3D
P05455	SSB
P05556	ITGB1
P05783	KRT18
P05787	KRT8
P06132	UROD
P06280	GLA
P06396	GSN
P06454	PTMA
P06493	CDK1
P06576	ATP5B
P06703	S100A6
P06727	APOA4
P06730	EIF4E
P06731	CEACAM5
P06732	CKM
P06733	ENO1
P06737	PYGL
P06744	GPI
P06748	NPM1
P06753	TPM3
P06865	HEXA
P07099	EPHX1
P07108	DBI
P07148	FABP1
P07195	LDHB
P07203	GPX1
P07237	P4HB
P07305	H1F0
P07311	ACYP1
P07339	CTSD
P07355	ANXA2
P07384	CAPN1
P07437	TUBB
P07478	PRSS2
P07602	PSAP
P07686	HEXB
P07737	PFN1
P07741	APRT
P07814	EPRS
P07858	CTSB
P07900	HSP90AA1
P07902	GALT
P07910	HNRNPC
P07919	UQCRH
P07942	LAMB1
P07948	LYN
P07951	TPM2
P07954	FH
P08047	SP1
P08107	HSPA1A
P08133	ANXA6
P08134	RHOC
P08183	ABCB1
P08195	SLC3A2
P08237	PFKM
P08238	HSP90AB1
P08243	ASNS
P08294	SOD3
P08397	HMBS
P08473	MME
P08559	PDHA1
P08572	COL4A2
P08574	CYC1
P08579	SNRPB2
P08581	MET
P08621	SNRNP70
P08670	VIM
P08727	KRT19
P08758	ANXA5
P08865	RPSA
P09001	MRPL3
P09012	SNRPA
P09104	ENO2
P09110	ACAA1
P09132	SRP19
P09211	GSTP1
P09234	SNRPC
P09327	VIL1
P09382	LGALS1
P09417	QDPR
P09429	HMGB1
P09455	RBP1
P09467	FBP1
P09486	SPARC
P09493	TPM1
P09496	CLTA
P09497	CLTB
P09525	ANXA4
P09543	CNP
P09601	HMOX1
P09622	DLD
P09651	HNRNPA1
P09661	SNRPA1
P09668	CTSH
P09669	COX6C
P09874	PARP1
P09884	POLA1
P09936	UCHL1
P09960	LTA4H
P09972	ALDOC
P0C2W1	FBXO45
P0C7P4	UQCRFS1P1
P0CG12	CHTF8
P0CG39	POTEJ
P10109	FDX1
P10155	TROVE2
P10253	GAA
P10412	HIST1H1E
P10515	DLAT
P10586	PTPRF
P10599	TXN
P10606	COX5B
P10619	CTSA
P10620	MGST1
P10644	PRKAR1A
P10768	ESD
P10809	HSPD1
P10909	CLU
P11021	HSPA5
P11047	LAMC1
P11117	ACP2
P11142	HSPA8
P11166	SLC2A1
P11171	EPB41
P11172	UMPS
P11177	PDHB
P11182	DBT
P11216	PYGB
P11217	PYGM
P11233	RALA
P11277	SPTB
P11279	LAMP1
P11310	ACADM
P11387	TOP1
P11388	TOP2A
P11413	G6PD
P11441	UBL4A
P11498	PC
P11586	MTHFD1
P11678	EPX
P11717	IGF2R
P11766	ADH5
P11908	PRPS2
P11940	PABPC1
P12004	PCNA
P12074	COX6A1
P12081	HARS
P12109	COL6A1
P12110	COL6A2
P12111	COL6A3
P12235	SLC25A4
P12236	SLC25A6
P12268	IMPDH2
P12270	TPR
P12277	CKB
P12429	ANXA3
P12532	CKMT1A
P12694	BCKDHA
P12814	ACTN1
P12830	CDH1
P12931	SRC
P12955	PEPD
P12956	XRCC6
P13010	XRCC5
P13073	COX4I1
P13473	LAMP2
P13489	RNH1
P13639	EEF2
P13647	KRT5
P13667	PDIA4
P13674	P4HA1
P13693	TPT1
P13716	ALAD
P13796	LCP1
P13797	PLS3
P13798	APEH
P13804	ETFA
P13807	GYS1
P13861	PRKAR2A
P13984	GTF2F2
P13987	CD59
P13995	MTHFD2
P14174	MIF
P14209	CD99
P14314	PRKCSH
P14324	FDPS
P14406	COX7A2
P14543	NID1
P14550	AKR1A1
P14555	PLA2G2A
P14618	PKM
P14621	ACYP2
P14625	HSP90B1
P14735	IDE
P14854	COX6B1
P14866	HNRNPL
P14868	DARS
P14923	JUP
P14927	UQCRB
P15104	GLUL
P15121	AKR1B1
P15144	ANPEP
P15170	GSPT1
P15289	ARSA
P15311	EZR
P15374	UCHL3
P15408	FOSL2
P15428	HPGD
P15498	VAV1
P15529	CD46
P15531	NME1
P15559	NQO1
P15586	GNS
P15880	RPS2
P15924	DSP
P15927	RPA2
P15954	COX7C
P16070	CD44
P16083	NQO2
P16104	H2AFX
P16144	ITGB4
P16152	CBR1
P16219	ACADS
P16220	CREB1
P16278	GLB1
P16401	HIST1H1B
P16403	HIST1H1C
P16422	EPCAM
P16435	POR
P16444	DPEP1
P16455	MGMT
P16615	ATP2A2
P16930	FAH
P16949	STMN1
P16989	YBX3
P17050	NAGA
P17096	HMGA1
P17152	TMEM11
P17174	GOT1
P17301	ITGA2
P17480	UBTF
P17540	CKMT2
P17568	NDUFB7
P17655	CAPN2
P17676	CEBPB
P17812	CTPS1
P17844	DDX5
P17858	PFKL
P17900	GM2A
P17931	LGALS3
P17980	PSMC3
P17987	TCP1
P18031	PTPN1
P18065	IGFBP2
P18074	ERCC2
P18077	RPL35A
P18085	ARF4
P18124	RPL7
P18206	VCL
P18283	GPX2
P18440	NAT1
P18510	IL1RN
P18583	SON
P18615	NELFE
P18621	RPL17
P18669	PGAM1
P18754	RCC1
P18858	LIG1
P18859	ATP5J
P18887	XRCC1
P19013	KRT4
P19075	TSPAN8
P19174	PLCG1
P19224	UGT1A6
P19338	NCL
P19367	HK1
P19387	POLR2C
P19388	POLR2E
P19404	NDUFV2
P19525	EIF2AK2
P19623	SRM
P19784	CSNK2A2
P19823	ITIH2
P19838	NFKB1
P19971	TYMP
P20042	EIF2S2
P20073	ANXA7
P20290	BTF3
P20339	RAB5A
P20340	RAB6A
P20591	MX1
P20618	PSMB1
P20645	M6PR
P20674	COX5A
P20700	LMNB1
P20702	ITGAX
P20711	DDC
P20810	CAST
P20839	IMPDH1
P20962	PTMS
P21266	GSTM3
P21281	ATP6V1B2
P21283	ATP6V1C1
P21291	CSRP1
P21333	FLNA
P21397	MAOA
P21399	ACO1
P21589	NT5E
P21796	VDAC1
P21912	SDHB
P21926	CD9
P21953	BCKDHB
P21964	COMT
P21980	TGM2
P22033	MUT
P22059	OSBP
P22061	PCMT1
P22087	FBL
P22090	RPS4Y1
P22102	GART
P22234	PAICS
P22307	SCP2
P22314	UBA1
P22392	NME2
P22570	FDXR
P22626	HNRNPA2B1
P22676	CALB2
P22694	PRKACB
P22695	UQCRC2
P23141	CES1
P23142	FBLN1
P23193	TCEA1
P23229	ITGA6
P23246	SFPQ
P23284	PPIB
P23368	ME2
P23381	WARS
P23396	RPS3
P23434	GCSH
P23497	SP100
P23526	AHCY
P23528	CFL1
P23588	EIF4B
P23743	DGKA
P23786	CPT2
P23919	DTYMK
P23921	RRM1
P24534	EEF1B2
P24539	ATP5F1
P24557	TBXAS1
P24666	ACP1
P24752	ACAT1
P24821	TNC
P24928	POLR2A
P24941	CDK2
P25098	ADRBK1
P25205	MCM3
P25208	NFYB
P25311	AZGP1
P25325	MPST
P25391	LAMA1
P25398	RPS12
P25490	YY1
P25685	DNAJB1
P25705	ATP5A1
P25713	MT3
P25774	CTSS
P25786	PSMA1
P25787	PSMA2
P25788	PSMA3
P25789	PSMA4
P25815	S100P
P26006	ITGA3
P26038	MSN
P26045	PTPN3
P26196	DDX6
P26232	CTNNA2
P26358	DNMT1
P26368	U2AF2
P26373	RPL13
P26440	IVD
P26447	S100A4
P26583	HMGB2
P26599	PTBP1
P26639	TARS
P26640	VARS
P26641	EEF1G
P26885	FKBP2
P27144	AK4
P27216	ANXA13
P27338	MAOB
P27348	YWHAQ
P27361	MAPK3
P27635	RPL10
P27694	RPA1
P27695	APEX1
P27707	DCK
P27708	CAD
P27797	CALR
P27816	MAP4
P27824	CANX
P28062	PSMB8
P28065	PSMB9
P28066	PSMA5
P28070	PSMB4
P28072	PSMB6
P28074	PSMB5
P28288	ABCD3
P28290	SSFA2
P28331	NDUFS1
P28340	POLD1
P28482	MAPK1
P28676	GCA
P28715	ERCC5
P28799	GRN
P28838	LAP3
P29034	S100A2
P29083	GTF2E1
P29144	TPP2
P29218	IMPA1
P29317	EPHA2
P29350	PTPN6
P29353	SHC1
P29372	MPG
P29373	CRABP2
P29401	TKT
P29590	PML
P29692	EEF1D
P29966	MARCKS
P29992	GNA11
P30038	ALDH4A1
P30040	ERP29
P30041	PRDX6
P30042	C21orf33
P30043	BLVRB
P30044	PRDX5
P30046	DDT
P30047	GCHFR
P30048	PRDX3
P30049	ATP5D
P30050	RPL12
P30084	ECHS1
P30085	CMPK1
P30086	PEBP1
P30101	PDIA3
P30153	PPP2R1A
P30154	PPP2R1B
P30260	CDC27
P30405	PPIF
P30419	NMT1
P30519	HMOX2
P30520	ADSS
P30533	LRPAP1
P30566	ADSL
P30626	SRI
P30711	GSTT1
P30740	SERPINB1
P30837	ALDH1B1
P30838	ALDH3A1
P30876	POLR2B
P31040	SDHA
P31146	CORO1A
P31150	GDI1
P31153	MAT2A
P31350	RRM2
P31483	TIA1
P31629	HIVEP2
P31689	DNAJA1
P31749	AKT1
P31930	UQCRC1
P31937	HIBADH
P31939	ATIC
P31942	HNRNPH3
P31943	HNRNPH1
P31946	YWHAB
P31947	SFN
P31948	STIP1
P31949	S100A11
P32119	PRDX2
P32189	GK
P32320	CDA
P32321	DCTD
P32322	PYCR1
P32519	ELF1
P32754	HPD
P32929	CTH
P32969	RPL9
P32970	CD70
P33121	ACSL1
P33176	KIF5B
P33240	CSTF2
P33316	DUT
P33991	MCM4
P33992	MCM5
P33993	MCM7
P34896	SHMT1
P34897	SHMT2
P34931	HSPA1L
P34932	HSPA4
P34949	MPI
P35080	PFN2
P35219	CA8
P35221	CTNNA1
P35222	CTNNB1
P35228	NOS2
P35232	PHB
P35236	PTPN7
P35237	SERPINB6
P35241	RDX
P35244	RPA3
P35249	RFC4
P35250	RFC2
P35268	RPL22
P35269	GTF2F1
P35270	SPR
P35520	CBS
P35558	PCK1
P35568	IRS1
P35573	AGL
P35579	MYH9
P35580	MYH10
P35606	COPB2
P35611	ADD1
P35613	BSG
P35637	FUS
P35658	NUP214
P35659	DEK
P35754	GLRX
P35813	PPM1A
P35900	KRT20
P35913	PDE6B
P35914	HMGCL
P35998	PSMC2
P36404	ARL2
P36405	ARL3
P36507	MAP2K2
P36542	ATP5C1
P36543	ATP6V1E1
P36551	CPOX
P36578	RPL4
P36639	NUDT1
P36776	LONP1
P36871	PGM1
P36873	PPP1CC
P36915	GNL1
P36952	SERPINB5
P36954	POLR2I
P36957	DLST
P36969	GPX4
P37108	SRP14
P37198	NUP62
P37235	HPCAL1
P37268	FDFT1
P37802	TAGLN2
P37837	TALDO1
P38117	ETFB
P38159	RBMX
P38432	COIL
P38571	LIPA
P38606	ATP6V1A
P38646	HSPA9
P38919	EIF4A3
P39019	RPS19
P39023	RPL3
P39060	COL18A1
P39656	DDOST
P39687	ANP32A
P39748	FEN1
P40121	CAPG
P40222	TXLNA
P40227	CCT6A
P40306	PSMB10
P40429	RPL13A
P40616	ARL1
P40692	MLH1
P40763	STAT3
P40818	USP8
P40855	PEX19
P40925	MDH1
P40926	MDH2
P40937	RFC5
P40938	RFC3
P40939	HADHA
P40967	PMEL
P41091	EIF2S3
P41214	EIF2D
P41223	BUD31
P41227	NAA10
P41235	HNF4A
P41236	PPP1R2
P41240	CSK
P41250	GARS
P41252	IARS
P41743	PRKCI
P42126	ECI1
P42166	TMPO
P42167	TMPO
P42224	STAT1
P42226	STAT6
P42285	SKIV2L2
P42330	AKR1C3
P42345	MTOR
P42356	PI4KA
P42566	EPS15
P42574	CASP3
P42677	RPS27
P42704	LRPPRC
P42765	ACAA2
P42766	RPL35
P42771	CDKN2A
P42785	PRCP
P42830	CXCL5
P42858	HTT
P43034	PAFAH1B1
P43155	CRAT
P43243	MATR3
P43246	MSH2
P43304	GPD2
P43307	SSR1
P43405	SYK
P43487	RANBP1
P43490	NAMPT
P43686	PSMC4
P43897	TSFM
P45877	PPIC
P45880	VDAC2
P45954	ACADSB
P45973	CBX5
P45974	USP5
P46013	MKI67
P46060	RANGAP1
P46063	RECQL
P46087	NOP2
P46108	CRK
P46109	CRKL
P46199	MTIF2
P46379	BAG6
P46459	NSF
P46736	BRCC3
P46776	RPL27A
P46777	RPL5
P46778	RPL21
P46779	RPL28
P46781	RPS9
P46782	RPS5
P46783	RPS10
P46926	GNPDA1
P46937	YAP1
P46940	IQGAP1
P46976	GYG1
P46977	STT3A
P47712	PLA2G4A
P47755	CAPZA2
P47756	CAPZB
P47813	EIF1AX
P47895	ALDH1A3
P47897	QARS
P47914	RPL29
P47985	UQCRFS1
P48047	ATP5O
P48147	PREP
P48163	ME1
P48200	IREB2
P48444	ARCN1
P48449	LSS
P48506	GCLC
P48507	GCLM
P48509	CD151
P48539	PCP4
P48556	PSMD8
P48634	PRRC2A
P48637	GSS
P48643	CCT5
P48668	KRT6C
P48723	HSPA13
P48729	CSNK1A1
P48730	CSNK1D
P48735	IDH2
P48739	PITPNB
P48960	CD97
P49005	POLD2
P49006	MARCKSL1
P49023	PXN
P49189	ALDH9A1
P49207	RPL34
P49247	RPIA
P49257	LMAN1
P49321	NASP
P49327	FASN
P49354	FNTA
P49356	FNTB
P49366	DHPS
P49368	CCT3
P49406	MRPL19
P49407	ARRB1
P49411	TUFM
P49419	ALDH7A1
P49441	INPP1
P49458	SRP9
P49459	UBE2A
P49585	PCYT1A
P49588	AARS
P49589	CARS
P49590	HARS2
P49591	SARS
P49593	PPM1F
P49643	PRIM2
P49721	PSMB2
P49736	MCM2
P49748	ACADVL
P49750	YLPM1
P49755	TMED10
P49756	RBM25
P49770	EIF2B2
P49773	HINT1
P49788	RARRES1
P49789	FHIT
P49790	NUP153
P49792	RANBP2
P49821	NDUFV1
P49840	GSK3A
P49841	GSK3B
P49902	NT5C2
P49903	SEPHS1
P49915	GMPS
P49916	LIG3
P49959	MRE11A
P50053	KHK
P50135	HNMT
P50213	IDH3A
P50224	SULT1A3
P50238	CRIP1
P50395	GDI2
P50402	EMD
P50416	CPT1A
P50453	SERPINB9
P50454	SERPINH1
P50542	PEX5
P50552	VASP
P50570	DNM2
P50579	METAP2
P50583	NUDT2
P50747	HLCS
P50748	KNTC1
P50750	CDK9
P50851	LRBA
P50897	PPT1
P50914	RPL14
P50990	CCT8
P50991	CCT4
P50993	ATP1A2
P50995	ANXA11
P51003	PAPOLA
P51114	FXR1
P51116	FXR2
P51148	RAB5C
P51149	RAB7A
P51153	RAB13
P51161	FABP6
P51397	DAP
P51398	DAP3
P51452	DUSP3
P51553	IDH3G
P51570	GALK1
P51571	SSR4
P51572	BCAP31
P51580	TPMT
P51610	HCFC1
P51648	ALDH3A2
P51649	ALDH5A1
P51659	HSD17B4
P51665	PSMD7
P51809	VAMP7
P51812	RPS6KA3
P51858	HDGF
P51970	NDUFA8
P51991	HNRNPA3
P52209	PGD
P52272	HNRNPM
P52292	KPNA2
P52294	KPNA1
P52298	NCBP2
P52306	RAP1GDS1
P52434	POLR2H
P52565	ARHGDIA
P52566	ARHGDIB
P52594	AGFG1
P52597	HNRNPF
P52655	GTF2A1
P52657	GTF2A2
P52701	MSH6
P52732	KIF11
P52756	RBM5
P52758	HRSP12
P52788	SMS
P52789	HK2
P52790	HK3
P52815	MRPL12
P52888	THOP1
P52895	AKR1C2
P52907	CAPZA1
P52926	HMGA2
P52948	NUP98
P53004	BLVRA
P53007	SLC25A1
P53041	PPP5C
P53365	ARFIP2
P53367	ARFIP1
P53396	ACLY
P53582	METAP1
P53597	SUCLG1
P53602	MVD
P53611	RABGGTB
P53618	COPB1
P53621	COPA
P53634	CTSC
P53677	AP3M2
P53680	AP2S1
P53701	HCCS
P53985	SLC16A1
P53990	IST1
P53992	SEC24C
P53999	SUB1
P54105	CLNS1A
P54136	RARS
P54577	YARS
P54578	USP14
P54619	PRKAG1
P54652	HSPA2
P54687	BCAT1
P54709	ATP1B3
P54725	RAD23A
P54727	RAD23B
P54819	AK2
P54868	HMGCS2
P54886	ALDH18A1
P54920	NAPA
P55010	EIF5
P55011	SLC12A2
P55036	PSMD4
P55039	DRG2
P55058	PLTP
P55060	CSE1L
P55072	VCP
P55081	MFAP1
P55084	HADHB
P55145	MANF
P55157	MTTP
P55196	MLLT4
P55209	NAP1L1
P55210	CASP7
P55212	CASP6
P55263	ADK
P55265	ADAR
P55268	LAMB2
P55327	TPD52
P55769	NHP2L1
P55786	NPEPPS
P55789	GFER
P55795	HNRNPH2
P55809	OXCT1
P55884	EIF3B
P55957	BID
P56134	ATP5J2
P56181	NDUFV3
P56182	RRP1
P56192	MARS
P56378	MP68
P56385	ATP5I
P56470	LGALS4
P56537	EIF6
P56545	CTBP2
P56556	NDUFA6
P56589	PEX3
P56937	HSD17B7
P56962	STX17
P57081	WDR4
P57088	TMEM33
P57105	SYNJ2BP
P57678	GEMIN4
P57721	PCBP3
P57735	RAB25
P57737	CORO7
P57740	NUP107
P57764	GSDMD
P57772	EEFSEC
P58107	EPPK1
P58546	MTPN
P59780	AP3S2
P59998	ARPC4
P60033	CD81
P60059	SEC61G
P60174	TPI1
P60228	EIF3E
P60468	SEC61B
P60510	PPP4C
P60520	GABARAPL2
P60602	ROMO1
P60660	MYL6
P60842	EIF4A1
P60866	RPS20
P60891	PRPS1
P60900	PSMA6
P60903	S100A10
P60953	CDC42
P60981	DSTN
P60983	GMFB
P61006	RAB8A
P61009	SPCS3
P61011	SRP54
P61019	RAB2A
P61020	RAB5B
P61026	RAB10
P61081	UBE2M
P61086	UBE2K
P61088	UBE2N
P61106	RAB14
P61158	ACTR3
P61160	ACTR2
P61163	ACTR1A
P61201	COPS2
P61221	ABCE1
P61247	RPS3A
P61254	RPL26
P61289	PSME3
P61313	RPL15
P61353	RPL27
P61421	ATP6V0D1
P61457	PCBD1
P61513	RPL37A
P61586	RHOA
P61599	NAA20
P61604	HSPE1
P61619	SEC61A1
P61626	LYZ
P61758	VBP1
P61764	STXBP1
P61769	B2M
P61803	DAD1
P61916	NPC2
P61923	COPZ1
P61956	SUMO2
P61960	UFM1
P61962	DCAF7
P61964	WDR5
P61966	AP1S1
P61970	NUTF2
P61978	HNRNPK
P61981	YWHAG
P62072	TIMM10
P62081	RPS7
P62136	PPP1CA
P62140	PPP1CB
P62158	CALM1
P62191	PSMC1
P62195	PSMC5
P62241	RPS8
P62244	RPS15A
P62249	RPS16
P62253	UBE2G1
P62256	UBE2H
P62258	YWHAE
P62263	RPS14
P62266	RPS23
P62269	RPS18
P62273	RPS29
P62277	RPS13
P62280	RPS11
P62304	SNRPE
P62306	SNRPF
P62310	LSM3
P62312	LSM6
P62314	SNRPD1
P62316	SNRPD2
P62318	SNRPD3
P62328	TMSB4X
P62330	ARF6
P62333	PSMC6
P62424	RPL7A
P62487	POLR2G
P62495	ETF1
P62633	CNBP
P62701	RPS4X
P62714	PPP2CB
P62750	RPL23A
P62753	RPS6
P62760	VSNL1
P62805	HIST1H4A
P62820	RAB1A
P62826	RAN
P62829	RPL23
P62841	RPS15
P62847	RPS24
P62851	RPS25
P62854	RPS26
P62857	RPS28
P62861	FAU
P62873	GNB1
P62875	POLR2L
P62877	RBX1
P62879	GNB2
P62888	RPL30
P62899	RPL31
P62906	RPL10A
P62910	RPL32
P62913	RPL11
P62917	RPL8
P62937	PPIA
P62942	FKBP1A
P62979	RPS27A
P62987	UBA52
P62993	GRB2
P62995	TRA2B
P63000	RAC1
P63010	AP2B1
P63098	PPP3R1
P63104	YWHAZ
P63151	PPP2R2A
P63165	SUMO1
P63167	DYNLL1
P63172	DYNLT1
P63173	RPL38
P63208	SKP1
P63220	RPS21
P63241	EIF5A
P63244	GNB2L1
P63272	SUPT4H1
P63279	UBE2I
P67775	PPP2CA
P67809	YBX1
P67870	CSNK2B
P67936	TPM4
P68036	UBE2L3
P68104	EEF1A1
P68133	ACTA1
P68366	TUBA4A
P68371	TUBB4B
P68400	CSNK2A1
P68402	PAFAH1B2
P69905	HBA1
P78310	CXADR
P78316	NOP14
P78318	IGBP1
P78330	PSPH
P78344	EIF4G2
P78346	RPP30
P78347	GTF2I
P78371	CCT2
P78406	RAE1
P78417	GSTO1
P78527	PRKDC
P78549	NTHL1
P80188	LCN2
P80303	NUCB2
P80365	HSD11B2
P80404	ABAT
P82650	MRPS22
P82663	MRPS25
P82664	MRPS10
P82673	MRPS35
P82675	MRPS5
P82909	MRPS36
P82912	MRPS11
P82914	MRPS15
P82930	MRPS34
P82932	MRPS6
P82933	MRPS9
P82970	HMGN5
P82979	SARNP
P83436	COG7
P83731	RPL24
P83881	RPL36A
P83916	CBX1
P84085	ARF5
P84090	ERH
P84098	RPL19
P84101	SERF2
P84103	SRSF3
P85037	FOXK1
P85298	ARHGAP8
P98082	DAB2
P98088	MUC5AC
P98160	HSPG2
P98175	RBM10
P98179	RBM3
P99999	CYCS
Q00013	MPP1
Q00059	TFAM
Q00325	SLC25A3
Q00341	HDLBP
Q00403	GTF2B
Q00534	CDK6
Q00535	CDK5
Q00577	PURA
Q00610	CLTC
Q00613	HSF1
Q00653	NFKB2
Q00688	FKBP3
Q00765	REEP5
Q00796	SORD
Q00839	HNRNPU
Q01081	U2AF1
Q01082	SPTBN1
Q01085	TIAL1
Q01105	SET
Q01130	SRSF2
Q01415	GALK2
Q01433	AMPD2
Q01469	FABP5
Q01518	CAP1
Q01523	DEFA5
Q01581	HMGCS1
Q01628	IFITM3
Q01650	SLC7A5
Q01658	DR1
Q01780	EXOSC10
Q01804	OTUD4
Q01813	PFKP
Q01844	EWSR1
Q01955	COL4A3
Q01968	OCRL
Q01970	PLCB3
Q02083	NAAA
Q02127	DHODH
Q02218	OGDH
Q02241	KIF23
Q02252	ALDH6A1
Q02318	CYP27A1
Q02338	BDH1
Q02487	DSC2
Q02543	RPL18A
Q02750	MAP2K1
Q02790	FKBP4
Q02809	PLOD1
Q02817	MUC2
Q02818	NUCB1
Q02878	RPL6
Q02880	TOP2B
Q02978	SLC25A11
Q03013	GSTM4
Q03154	ACY1
Q03252	LMNB2
Q03403	TFF2
Q03426	MVK
Q03701	CEBPZ
Q04206	RELA
Q04323	UBXN1
Q04446	GBE1
Q04637	EIF4G1
Q04695	KRT17
Q04726	TLE3
Q04760	GLO1
Q04837	SSBP1
Q04917	YWHAH
Q04941	PLP2
Q05048	CSTF1
Q05086	UBE3A
Q05397	PTK2
Q05519	SRSF11
Q05639	EEF1A2
Q05655	PRKCD
Q05682	CALD1
Q06124	PTPN11
Q06187	BTK
Q06203	PPAT
Q06210	GFPT1
Q06265	EXOSC9
Q06323	PSME1
Q06330	RBPJ
Q06481	APLP2
Q06546	GABPA
Q06587	RING1
Q06787	FMR1
Q06830	PRDX1
Q07020	RPL18
Q07021	C1QBP
Q07065	CKAP4
Q07157	TJP1
Q07617	SPAG1
Q07654	TFF3
Q07666	KHDRBS1
Q07812	BAX
Q07817	BCL2L1
Q07866	KLC1
Q07955	SRSF1
Q07960	ARHGAP1
Q08170	SRSF4
Q08209	PPP3CA
Q08211	DHX9
Q08257	CRYZ
Q08357	SLC20A2
Q08378	GOLGA3
Q08379	GOLGA2
Q08380	LGALS3BP
Q08426	EHHADH
Q08431	MFGE8
Q08623	HDHD1
Q08722	CD47
Q08752	PPID
Q08945	SSRP1
Q08AM6	VAC14
Q08J23	NSUN2
Q09028	RBBP4
Q09161	NCBP1
Q09666	AHNAK
Q0JRZ9	FCHO2
Q0VDF9	HSPA14
Q10471	GALNT2
Q10567	AP1B1
Q10570	CPSF1
Q10589	BST2
Q10713	PMPCA
Q12765	SCRN1
Q12768	KIAA0196
Q12769	NUP160
Q12788	TBL3
Q12789	GTF3C1
Q12792	TWF1
Q12797	ASPH
Q12800	TFCP2
Q12824	SMARCB1
Q12849	GRSF1
Q12864	CDH17
Q12874	SF3A3
Q12888	TP53BP1
Q12904	AIMP1
Q12905	ILF2
Q12906	ILF3
Q12907	LMAN2
Q12923	PTPN13
Q12929	EPS8
Q12931	TRAP1
Q12933	TRAF2
Q12959	DLG1
Q12962	TAF10
Q12965	MYO1E
Q12972	PPP1R8
Q12979	ABR
Q12996	CSTF3
Q13011	ECH1
Q13033	STRN3
Q13042	CDC16
Q13043	STK4
Q13045	FLII
Q13049	TRIM32
Q13057	COASY
Q13084	MRPL28
Q13085	ACACA
Q13098	GPS1
Q13107	USP4
Q13112	CHAF1B
Q13123	IK
Q13126	MTAP
Q13131	PRKAA1
Q13144	EIF2B5
Q13148	TARDBP
Q13151	HNRNPA0
Q13153	PAK1
Q13155	AIMP2
Q13162	PRDX4
Q13177	PAK2
Q13185	CBX3
Q13200	PSMD2
Q13217	DNAJC3
Q13227	GPS2
Q13228	SELENBP1
Q13232	NME3
Q13242	SRSF9
Q13243	SRSF5
Q13247	SRSF6
Q13257	MAD2L1
Q13263	TRIM28
Q13268	DHRS2
Q13277	STX3
Q13283	G3BP1
Q13308	PTK7
Q13310	PABPC4
Q13330	MTA1
Q13347	EIF3I
Q13363	CTBP1
Q13395	TARBP1
Q13404	UBE2V1
Q13405	MRPL49
Q13409	DYNC1I2
Q13416	ORC2
Q13418	ILK
Q13421	MSLN
Q13423	NNT
Q13425	SNTB2
Q13427	PPIG
Q13428	TCOF1
Q13435	SF3B2
Q13442	PDAP1
Q13443	ADAM9
Q13445	TMED1
Q13451	FKBP5
Q13459	MYO9B
Q13485	SMAD4
Q13492	PICALM
Q13501	SQSTM1
Q13505	MTX1
Q13509	TUBB3
Q13510	ASAH1
Q13523	PRPF4B
Q13526	PIN1
Q13541	EIF4EBP1
Q13547	HDAC1
Q13555	CAMK2G
Q13557	CAMK2D
Q13561	DCTN2
Q13564	NAE1
Q13572	ITPK1
Q13573	SNW1
Q13576	IQGAP2
Q13595	TRA2A
Q13596	SNX1
Q13601	KRR1
Q13610	PWP1
Q13616	CUL1
Q13617	CUL2
Q13618	CUL3
Q13619	CUL4A
Q13620	CUL4B
Q13625	TP53BP2
Q13630	TSTA3
Q13637	RAB32
Q13671	RIN1
Q13685	AAMP
Q13740	ALCAM
Q13813	SPTAN1
Q13823	GNL2
Q13825	AUH
Q13838	DDX39B
Q13867	BLMH
Q13868	EXOSC2
Q13884	SNTB1
Q13885	TUBB2A
Q13895	BYSL
Q13907	IDI1
Q13938	CAPS
Q13951	CBFB
Q13952	NFYC
Q14002	CEACAM7
Q14008	CKAP5
Q14011	CIRBP
Q14019	COTL1
Q14061	COX17
Q14103	HNRNPD
Q14108	SCARB2
Q14112	NID2
Q14116	IL18
Q14118	DAG1
Q14126	DSG2
Q14134	TRIM29
Q14137	BOP1
Q14139	UBE4A
Q14141	SEPT6
Q14146	URB2
Q14149	MORC3
Q14151	SAFB2
Q14152	EIF3A
Q14155	ARHGEF7
Q14157	UBAP2L
Q14160	SCRIB
Q14165	MLEC
Q14166	TTLL12
Q14192	FHL2
Q14195	DPYSL3
Q14197	ICT1
Q14203	DCTN1
Q14204	DYNC1H1
Q14232	EIF2B1
Q14240	EIF4A2
Q14244	MAP7
Q14247	CTTN
Q14249	ENDOG
Q14257	RCN2
Q14258	TRIM25
Q14315	FLNC
Q14318	FKBP8
Q14320	FAM50A
Q14331	FRG1
Q14344	GNA13
Q14376	GALE
Q14444	CAPRIN1
Q14498	RBM39
Q14517	FAT1
Q14534	SQLE
Q14554	PDIA5
Q14558	PRPSAP1
Q14566	MCM6
Q14651	PLS1
Q14653	IRF3
Q14671	PUM1
Q14676	MDC1
Q14677	CLINT1
Q14683	SMC1A
Q14684	RRP1B
Q14690	PDCD11
Q14692	BMS1
Q14694	USP10
Q14696	MESDC2
Q14697	GANAB
Q14738	PPP2R5D
Q14739	LBR
Q14746	COG2
Q14764	MVP
Q14766	LTBP1
Q14790	CASP8
Q147X3	NAA30
Q14839	CHD4
Q14847	LASP1
Q14914	PTGR1
Q14919	DRAP1
Q14966	ZNF638
Q14974	KPNB1
Q14978	NOLC1
Q14980	NUMA1
Q14997	PSME4
Q14C86	GAPVD1
Q14CX7	NAA25
Q15003	NCAPH
Q15004	KIAA0101
Q15005	SPCS2
Q15006	EMC2
Q15007	WTAP
Q15008	PSMD6
Q15019	SEPT2
Q15020	SART3
Q15021	NCAPD2
Q15024	EXOSC7
Q15027	ACAP1
Q15029	EFTUD2
Q15031	LARS2
Q15041	ARL6IP1
Q15042	RAB3GAP1
Q15046	KARS
Q15050	RRS1
Q15056	EIF4H
Q15057	ACAP2
Q15061	WDR43
Q15067	ACOX1
Q15075	EEA1
Q15084	PDIA6
Q15102	PAFAH1B3
Q15118	PDK1
Q15120	PDK3
Q15121	PEA15
Q15124	PGM5
Q15126	PMVK
Q15147	PLCB4
Q15149	PLEC
Q15154	PCM1
Q15165	PON2
Q15181	PPA1
Q15185	PTGES3
Q15208	STK38
Q15233	NONO
Q15257	PPP2R4
Q15262	PTPRK
Q15269	PWP2
Q15274	QPRT
Q15286	RAB35
Q15287	RNPS1
Q15291	RBBP5
Q15293	RCN1
Q15363	TMED2
Q15365	PCBP1
Q15366	PCBP2
Q15369	TCEB1
Q15370	TCEB2
Q15382	RHEB
Q15392	DHCR24
Q15393	SF3B3
Q15397	KIAA0020
Q15404	RSU1
Q15417	CNN3
Q15418	RPS6KA1
Q15424	SAFB
Q15427	SF3B4
Q15428	SF3A2
Q15435	PPP1R7
Q15436	SEC23A
Q15437	SEC23B
Q15459	SF3A1
Q15477	SKIV2L
Q15526	SURF1
Q15554	TERF2
Q15555	MAPRE2
Q15582	TGFBI
Q15599	SLC9A3R2
Q15631	TSN
Q15637	SF1
Q15642	TRIP10
Q15645	TRIP13
Q15646	OASL
Q15654	TRIP6
Q15691	MAPRE1
Q15714	TSC22D1
Q15717	ELAVL1
Q15738	NSDHL
Q15750	TAB1
Q15758	SLC1A5
Q15773	MLF2
Q15785	TOMM34
Q15813	TBCE
Q15814	TBCC
Q15833	STXBP2
Q15843	NEDD8
Q15847	ADIRF
Q15904	ATP6AP1
Q15907	RAB11B
Q15942	ZYX
Q16134	ETFDH
Q16181	SEPT7
Q16186	ADRM1
Q16204	CCDC6
Q16222	UAP1
Q16352	INA
Q16401	PSMD5
Q16512	PKN1
Q16527	CSRP2
Q16531	DDB1
Q16537	PPP2R5E
Q16539	MAPK14
Q16540	MRPL23
Q16543	CDC37
Q16555	DPYSL2
Q16563	SYPL1
Q16576	RBBP7
Q16595	FXN
Q16629	SRSF7
Q16630	CPSF6
Q16637	SMN1
Q16643	DBN1
Q16650	TBR1
Q16651	PRSS8
Q16656	NRF1
Q16658	FSCN1
Q16666	IFI16
Q16698	DECR1
Q16718	NDUFA5
Q16740	CLPP
Q16762	TST
Q16763	UBE2S
Q16769	QPCT
Q16774	GUK1
Q16775	HAGH
Q16787	LAMA3
Q16795	NDUFA9
Q16819	MEP1A
Q16822	PCK2
Q16831	UPP1
Q16836	HADH
Q16850	CYP51A1
Q16851	UGP2
Q16864	ATP6V1F
Q16881	TXNRD1
Q16890	TPD52L1
Q16891	IMMT
Q17RC7	EXOC3L4
Q1ED39	KNOP1
Q1KMD3	HNRNPUL2
Q27J81	INF2
Q29RF7	PDS5A
Q2KHT3	CLEC16A
Q2M1P5	KIF7
Q2NL82	TSR1
Q2PPJ7	RALGAPA2
Q2TAA2	IAH1
Q2TAL8	QRICH1
Q2TAY7	SMU1
Q2TB90	HKDC1
Q32MZ4	LRRFIP1
Q32P41	TRMT5
Q3KQV9	UAP1L1
Q3LXA3	DAK
Q3MHD2	LSM12
Q3SXM5	HSDL1
Q3SY69	ALDH1L2
Q3YEC7	RABL6
Q3ZCQ8	TIMM50
Q3ZCW2	LGALSL
Q460N5	PARP14
Q49A26	GLYR1
Q49AR2	C5orf22
Q49B96	COX19
Q4G0F5	VPS26B
Q4G0J3	LARP7
Q4G0N4	NADK2
Q4G0P3	HYDIN
Q4G176	ACSF3
Q4J6C6	PREPL
Q4KMQ1	TPRN
Q4KWH8	PLCH1
Q4V328	GRIPAP1
Q4VC31	CCDC58
Q52LJ0	FAM98B
Q53EL6	PDCD4
Q53F19	C17orf85
Q53FA7	TP53I3
Q53FT3	C11orf73
Q53FZ2	ACSM3
Q53GA4	PHLDA2
Q53GQ0	HSD17B12
Q53GS9	USP39
Q53H12	AGK
Q53H82	LACTB2
Q53H96	PYCRL
Q53HC9	TSSC1
Q53LP3	SOWAHC
Q53T59	HS1BP3
Q562R1	ACTBL2
Q567U6	CCDC93
Q56VL3	OCIAD2
Q58FF6	HSP90AB4P
Q5BKZ1	ZNF326
Q5EB52	MEST
Q5GLZ8	HERC4
Q5H9R7	PPP6R3
Q5HYI8	RABL3
Q5HYK3	COQ5
Q5JPH6	EARS2
Q5JRA6	MIA3
Q5JRX3	PITRM1
Q5JSH3	WDR44
Q5JSZ5	PRRC2B
Q5JTH9	RRP12
Q5JTJ3	COA6
Q5JTV8	TOR1AIP1
Q5JTZ9	AARS2
Q5JVF3	PCID2
Q5JVS0	HABP4
Q5QJE6	DNTTIP2
Q5R3I4	TTC38
Q5RI15	COX20
Q5RKV6	EXOSC6
Q5SRE5	NUP188
Q5SSJ5	HP1BP3
Q5SY16	NOL9
Q5SYB0	FRMPD1
Q5T0F9	CC2D1B
Q5T0N5	FNBP1L
Q5T0W9	FAM83B
Q5T280	C9orf114
Q5T2T1	MPP7
Q5T3I0	GPATCH4
Q5T440	IBA57
Q5T447	HECTD3
Q5T4S7	UBR4
Q5T5C0	STXBP5
Q5T5P2	KIAA1217
Q5T653	MRPL2
Q5T6F2	UBAP2
Q5T6V5	C9orf64
Q5T8D3	ACBD5
Q5T8P6	RBM26
Q5TA45	CPSF3L
Q5TAQ9	DCAF8
Q5TBC7	BCL2L15
Q5TC12	ATPAF1
Q5TDH0	DDI2
Q5TFE4	NT5DC1
Q5THJ4	VPS13D
Q5U5X0	LYRM7
Q5VIR6	VPS53
Q5VT52	RPRD2
Q5VTL8	PRPF38B
Q5VTR2	RNF20
Q5VV41	ARHGEF16
Q5VVQ6	YOD1
Q5VW32	BROX
Q5VW36	FOCAD
Q5VW38	GPR107
Q5VWZ2	LYPLAL1
Q5VYK3	ECM29
Q5VYY1	ANKRD22
Q5VZ89	DENND4C
Q5VZE5	NAA35
Q5VZK9	LRRC16A
Q5W0V3	FAM160B1
Q5W111	SPRYD7
Q5XKE5	KRT79
Q63HN8	RNF213
Q658Y4	FAM91A1
Q66GS9	CEP135
Q66K14	TBC1D9B
Q66K74	MAP1S
Q66PJ3	ARL6IP4
Q676U5	ATG16L1
Q68CQ4	DIEXF
Q68E01	INTS3
Q69YN2	CWF19L1
Q69YN4	KIAA1429
Q6DD87	ZNF787
Q6DD88	ATL3
Q6DKI1	RPL7L1
Q6DT37	CDC42BPG
Q6FI81	CIAPIN1
Q6GMR7	FAAH2
Q6GMV2	SMYD5
Q6GMV3	PTRHD1
Q6I9Y2	THOC7
Q6IA86	ELP2
Q6IAA8	LAMTOR1
Q6IBS0	TWF2
Q6IN84	MRM1
Q6IN85	SMEK1
Q6KB66	KRT80
Q6L8Q7	PDE12
Q6NUK1	SLC25A24
Q6NUM9	RETSAT
Q6NVY1	HIBCH
Q6NW29	RWDD4
Q6NXE6	ARMC6
Q6NXG1	ESRP1
Q6NZY7	CDC42EP5
Q6P0Q8	MAST2
Q6P158	DHX57
Q6P161	MRPL54
Q6P1J9	CDC73
Q6P1L8	MRPL14
Q6P1M0	SLC27A4
Q6P1M3	LLGL2
Q6P1N0	CC2D1A
Q6P1N9	TATDN1
Q6P1Q9	METTL2B
Q6P1X6	C8orf82
Q6P2E9	EDC4
Q6P2Q9	PRPF8
Q6P4A8	PLBD1
Q6P587	FAHD1
Q6P5R6	RPL22L1
Q6P6C2	ALKBH5
Q6P996	PDXDC1
Q6P9B9	INTS5
Q6PCE3	PGM2L1
Q6PD62	CTR9
Q6PD74	AAGAB
Q6PGP7	TTC37
Q6PI48	DARS2
Q6PIU2	NCEH1
Q6PJ69	TRIM65
Q6PJG6	BRAT1
Q6PJT7	ZC3H14
Q6PKG0	LARP1
Q6R327	RICTOR
Q6RFH5	WDR74
Q6RW13	AGTRAP
Q6UB35	MTHFD1L
Q6UN15	FIP1L1
Q6UW68	TMEM205
Q6UWE0	LRSAM1
Q6UWP2	DHRS11
Q6UX04	CWC27
Q6UX06	OLFM4
Q6UX53	METTL7B
Q6UXH1	CRELD2
Q6UXN9	WDR82
Q6VN20	RANBP10
Q6WKZ4	RAB11FIP1
Q6XQN6	NAPRT
Q6Y7W6	GIGYF2
Q6YHK3	CD109
Q6YN16	HSDL2
Q6YP21	CCBL2
Q6ZNJ1	NBEAL2
Q6ZRV2	FAM83H
Q6ZSJ8	C1orf122
Q6ZVM7	TOM1L2
Q709C8	VPS13C
Q70UQ0	IKBIP
Q712K3	UBE2R2
Q71RC2	LARP4
Q71UM5	RPS27L
Q76FK4	NOL8
Q76MJ5	ERN2
Q7KZ85	SUPT6H
Q7KZF4	SND1
Q7KZI7	MARK2
Q7L014	DDX46
Q7L0Y3	TRMT10C
Q7L1Q6	BZW1
Q7L266	ASRGL1
Q7L2E3	DHX30
Q7L2H7	EIF3M
Q7L2J0	MEPCE
Q7L576	CYFIP1
Q7L5D6	GET4
Q7L5N1	COPS6
Q7L5N7	LPCAT2
Q7L8L6	FASTKD5
Q7L8W6	DPH6
Q7LBC6	KDM3B
Q7LBR1	CHMP1B
Q7LG56	RRM2B
Q7RTV0	PHF5A
Q7Z2K6	ERMP1
Q7Z2W4	ZC3HAV1
Q7Z2W9	MRPL21
Q7Z2Z2	EFTUD1
Q7Z3B4	NUP54
Q7Z3C6	ATG9A
Q7Z3D6	C14orf159
Q7Z3E5	ARMC9
Q7Z3K3	POGZ
Q7Z3U7	MON2
Q7Z406	MYH14
Q7Z417	NUFIP2
Q7Z422	SZRD1
Q7Z434	MAVS
Q7Z460	CLASP1
Q7Z4F1	LRP10
Q7Z4G4	TRMT11
Q7Z4H3	HDDC2
Q7Z4H8	KDELC2
Q7Z4Q2	HEATR3
Q7Z4V5	HDGFRP2
Q7Z4W1	DCXR
Q7Z5K2	WAPAL
Q7Z5L9	IRF2BP2
Q7Z6M1	RABEPK
Q7Z6Z7	HUWE1
Q7Z739	YTHDF3
Q7Z794	KRT77
Q7Z7A3	CTU1
Q7Z7F7	MRPL55
Q7Z7H5	TMED4
Q7Z7H8	MRPL10
Q7Z7K0	CMC1
Q7Z7K6	CENPV
Q7Z7M9	GALNT5
Q86SX6	GLRX5
Q86TB9	PATL1
Q86TG7	PEG10
Q86TI2	DPP9
Q86TU7	SETD3
Q86U38	NOP9
Q86U42	PABPN1
Q86U44	METTL3
Q86U90	YRDC
Q86UE4	MTDH
Q86UK7	ZNF598
Q86UP2	KTN1
Q86UX7	FERMT3
Q86UY8	NT5DC3
Q86V21	AACS
Q86V81	ALYREF
Q86VM9	ZC3H18
Q86VN1	VPS36
Q86VP6	CAND1
Q86W42	THOC6
Q86W92	PPFIBP1
Q86WA6	BPHL
Q86WA8	LONP2
Q86WJ1	CHD1L
Q86WQ0	NR2C2AP
Q86WU2	LDHD
Q86WX3	RPS19BP1
Q86X10	RALGAPB
Q86X29	LSR
Q86X55	CARM1
Q86X76	NIT1
Q86XP3	DDX42
Q86Y39	NDUFA11
Q86Y56	DNAAF5
Q86Y82	STX12
Q86Y91	KIF18B
Q86YH6	PDSS2
Q86YP4	GATAD2A
Q8IUE6	HIST2H2AB
Q8IUF8	MINA
Q8IUI8	CRLF3
Q8IUR0	TRAPPC5
Q8IUR7	ARMC8
Q8IUX1	TMEM126B
Q8IV08	PLD3
Q8IV36	HID1
Q8IV38	ANKMY2
Q8IV50	LYSMD2
Q8IV56	PRR15
Q8IVD9	NUDCD3
Q8IVF2	AHNAK2
Q8IVM0	CCDC50
Q8IVS2	MCAT
Q8IVT2	MISP
Q8IW45	CARKD
Q8IWA0	WDR75
Q8IWA4	MFN1
Q8IWB7	WDFY1
Q8IWE2	FAM114A1
Q8IWS0	PHF6
Q8IWX8	CHERP
Q8IWZ8	SUGP1
Q8IX12	CCAR1
Q8IXB1	DNAJC10
Q8IXH7	NELFCD
Q8IXI1	RHOT2
Q8IXI2	RHOT1
Q8IXM2	BAP18
Q8IXM3	MRPL41
Q8IXQ4	GPALPP1
Q8IXQ6	PARP9
Q8IXT5	RBM12B
Q8IY67	RAVER1
Q8IY81	FTSJ3
Q8IYB3	SRRM1
Q8IYB5	SMAP1
Q8IYB7	DIS3L2
Q8IYB8	SUPV3L1
Q8IYD1	GSPT2
Q8IYL3	C1orf174
Q8IYQ7	THNSL1
Q8IYS1	PM20D2
Q8IZ69	TRMT2A
Q8IZ83	ALDH16A1
Q8IZL8	PELP1
Q8IZP0	ABI1
Q8IZQ5	SELH
Q8N0W3	FUK
Q8N0X4	CLYBL
Q8N131	TMEM123
Q8N163	CCAR2
Q8N183	NDUFAF2
Q8N1F7	NUP93
Q8N1G2	CMTR1
Q8N1G4	LRRC47
Q8N1N4	KRT78
Q8N201	INTS1
Q8N2G8	GHDC
Q8N335	GPD1L
Q8N357	SLC35F6
Q8N392	ARHGAP18
Q8N3C0	ASCC3
Q8N3U4	STAG2
Q8N3X1	FNBP4
Q8N465	D2HGDH
Q8N490	PNKD
Q8N4H5	TOMM5
Q8N4Q0	ZADH2
Q8N4Q1	CHCHD4
Q8N4T8	CBR4
Q8N531	FBXL6
Q8N573	OXR1
Q8N5A5	ZGPAT
Q8N5F7	NKAP
Q8N5G0	SMIM20
Q8N5I2	ARRDC1
Q8N5L8	RPP25L
Q8N5M4	TTC9C
Q8N5N7	MRPL50
Q8N684	CPSF7
Q8N6H7	ARFGAP2
Q8N6M0	OTUD6B
Q8N6R0	METTL13
Q8N6T3	ARFGAP1
Q8N766	EMC1
Q8N7H5	PAF1
Q8N806	UBR7
Q8N8A6	DDX51
Q8N8N7	PTGR2
Q8N8S7	ENAH
Q8N8V4	ANKS4B
Q8N960	CEP120
Q8N983	MRPL43
Q8N9N7	LRRC57
Q8N9T8	KRI1
Q8NAV1	PRPF38A
Q8NB16	MLKL
Q8NB90	SPATA5
Q8NBF2	NHLRC2
Q8NBF6	AVL9
Q8NBJ4	GOLM1
Q8NBJ5	COLGALT1
Q8NBJ7	SUMF2
Q8NBK3	SUMF1
Q8NBM8	PCYOX1L
Q8NBN7	RDH13
Q8NBQ5	HSD17B11
Q8NBS9	TXNDC5
Q8NBU5	ATAD1
Q8NBX0	SCCPDH
Q8NC51	SERBP1
Q8NCA5	FAM98A
Q8NCN5	PDPR
Q8NCW5	APOA1BP
Q8ND24	RNF214
Q8ND56	LSM14A
Q8NDA8	MROH1
Q8NDH3	NPEPL1
Q8NE62	CHDH
Q8NE71	ABCF1
Q8NE86	MCU
Q8NEJ9	NGDN
Q8NEU8	APPL2
Q8NEW0	SLC30A7
Q8NEZ5	FBXO22
Q8NF91	SYNE1
Q8NFF5	FLAD1
Q8NFH3	NUP43
Q8NFH4	NUP37
Q8NFH5	NUP35
Q8NFH8	REPS2
Q8NFI3	ENGASE
Q8NFU3	TSTD1
Q8NFV4	ABHD11
Q8NFW8	CMAS
Q8NFZ0	FBXO18
Q8NHP8	PLBD2
Q8NHQ8	RASSF8
Q8NHQ9	DDX55
Q8NI22	MCFD2
Q8NI27	THOC2
Q8NI36	WDR36
Q8NI60	ADCK3
Q8TAA5	GRPEL2
Q8TAE8	GADD45GIP1
Q8TAF3	WDR48
Q8TAQ2	SMARCC2
Q8TAT6	NPLOC4
Q8TB03	CXorf38
Q8TB61	SLC35B2
Q8TBA6	GOLGA5
Q8TBC4	UBA3
Q8TBQ9	TMEM167A
Q8TBX8	PIP4K2C
Q8TC07	TBC1D15
Q8TC12	RDH11
Q8TCA0	LRRC20
Q8TCD5	NT5C
Q8TCF1	ZFAND1
Q8TCJ2	STT3B
Q8TCS8	PNPT1
Q8TCT8	SPPL2A
Q8TCT9	HM13
Q8TD06	AGR3
Q8TD19	NEK9
Q8TD30	GPT2
Q8TDB6	DTX3L
Q8TDD1	DDX54
Q8TDN6	BRIX1
Q8TDP1	RNASEH2C
Q8TDQ7	GNPDA2
Q8TE67	EPS8L3
Q8TE68	EPS8L1
Q8TE77	SSH3
Q8TEA8	DTD1
Q8TED0	UTP15
Q8TEQ6	GEMIN5
Q8TEX9	IPO4
Q8TF72	SHROOM3
Q8TF74	WIPF2
Q8WTS6	SETD7
Q8WTT2	NOC3L
Q8WTW3	COG1
Q8WU76	SCFD2
Q8WU79	SMAP2
Q8WU90	ZC3H15
Q8WUA2	PPIL4
Q8WUA4	GTF3C2
Q8WUD4	CCDC12
Q8WUF5	PPP1R13L
Q8WUH6	TMEM263
Q8WUJ3	CEMIP
Q8WUM0	NUP133
Q8WUM4	PDCD6IP
Q8WUP2	FBLIM1
Q8WUW1	BRK1
Q8WUX2	CHAC2
Q8WUX9	CHMP7
Q8WUY1	THEM6
Q8WUZ0	BCL7C
Q8WV74	NUDT8
Q8WVC0	LEO1
Q8WVJ2	NUDCD2
Q8WVK2	SNRNP27
Q8WVM0	TFB1M
Q8WVM8	SCFD1
Q8WVV4	POF1B
Q8WVV9	HNRNPLL
Q8WVY7	UBLCP1
Q8WW12	PCNP
Q8WW59	SPRYD4
Q8WWC4	C2orf47
Q8WWH5	TRUB1
Q8WWI1	LMO7
Q8WWI5	SLC44A1
Q8WWM7	ATXN2L
Q8WWX9	SELM
Q8WWY3	PRPF31
Q8WX92	NELFB
Q8WX93	PALLD
Q8WXA3	RUFY2
Q8WXA9	SREK1
Q8WXF1	PSPC1
Q8WXI4	ACOT11
Q8WXI9	GATAD2B
Q8WXX5	DNAJC9
Q8WYA6	CTNNBL1
Q8WZ82	OVCA2
Q8WZA0	LZIC
Q8WZA9	IRGQ
Q92466	DDB2
Q92485	SMPDL3B
Q92499	DDX1
Q92506	HSD17B8
Q92520	FAM3C
Q92522	H1FX
Q92526	CCT6B
Q92530	PSMF1
Q92538	GBF1
Q92541	RTF1
Q92542	NCSTN
Q92544	TM9SF4
Q92552	MRPS27
Q92572	AP3S1
Q92597	NDRG1
Q92598	HSPH1
Q92599	SEPT8
Q92600	RQCD1
Q92609	TBC1D5
Q92614	MYO18A
Q92615	LARP4B
Q92616	GCN1L1
Q92620	DHX38
Q92621	NUP205
Q92626	PXDN
Q92665	MRPS31
Q92667	AKAP1
Q92688	ANP32B
Q92696	RABGGTA
Q92734	TFG
Q92747	ARPC1A
Q92769	HDAC2
Q92783	STAM
Q92796	DLG3
Q92797	SYMPK
Q92804	TAF15
Q92817	EVPL
Q92820	GGH
Q92828	CORO2A
Q92835	INPP5D
Q92841	DDX17
Q92876	KLK6
Q92878	RAD50
Q92879	CELF1
Q92882	OSTF1
Q92888	ARHGEF1
Q92890	UFD1L
Q92896	GLG1
Q92900	UPF1
Q92901	RPL3L
Q92905	COPS5
Q92917	GPKOW
Q92922	SMARCC1
Q92925	SMARCD2
Q92945	KHSRP
Q92947	GCDH
Q92973	TNPO1
Q92974	ARHGEF2
Q92979	EMG1
Q93008	USP9X
Q93009	USP7
Q93034	CUL5
Q93050	ATP6V0A1
Q93052	LPP
Q93062	RBPMS
Q93074	MED12
Q969E2	SCAMP4
Q969E8	TSR2
Q969G3	SMARCE1
Q969H8	MYDGF
Q969L2	MAL2
Q969N2	PIGT
Q969Q0	RPL36AL
Q969R2	OSBP2
Q969S3	ZNF622
Q969U7	PSMG2
Q969X5	ERGIC1
Q969X6	CIRH1A
Q969Z0	TBRG4
Q96A26	FAM162A
Q96A33	CCDC47
Q96A35	MRPL24
Q96A49	SYAP1
Q96A65	EXOC4
Q96AB3	ISOC2
Q96AE4	FUBP1
Q96AG4	LRRC59
Q96AT9	RPE
Q96AX1	VPS33A
Q96AY3	FKBP10
Q96B26	EXOSC8
Q96B36	AKT1S1
Q96B54	ZNF428
Q96B97	SH3KBP1
Q96BI1	SLC22A18
Q96BJ8	ELMO3
Q96BN8	OTULIN
Q96BP2	CHCHD1
Q96BP3	PPWD1
Q96BR5	COA7
Q96BW5	PTER
Q96C19	EFHD2
Q96C23	GALM
Q96C36	PYCR2
Q96C57	C12orf43
Q96C86	DCPS
Q96C90	PPP1R14B
Q96CB9	NSUN4
Q96CD0	FBXL8
Q96CF2	CHMP4C
Q96CM8	ACSF2
Q96CN7	ISOC1
Q96CP2	FLYWCH2
Q96CS3	FAF2
Q96CT7	CCDC124
Q96CV9	OPTN
Q96CW1	AP2M1
Q96CX2	KCTD12
Q96D46	NMD3
Q96D71	REPS1
Q96DA0	ZG16B
Q96DA6	DNAJC19
Q96DB5	RMDN1
Q96DC8	ECHDC3
Q96DE0	NUDT16
Q96DG6	CMBL
Q96DH6	MSI2
Q96DI7	SNRNP40
Q96DV4	MRPL38
Q96DX5	ASB9
Q96E39	RBMXL1
Q96EE3	SEH1L
Q96EK5	KIAA1279
Q96EK6	GNPNAT1
Q96EK9	KTI12
Q96EL2	MRPS24
Q96EL3	MRPL53
Q96EP5	DAZAP1
Q96ER9	CCDC51
Q96EV2	RBM33
Q96EY1	DNAJA3
Q96EY4	TMA16
Q96EY7	PTCD3
Q96EY8	MMAB
Q96F07	CYFIP2
Q96F86	EDC3
Q96FC7	PHYHIPL
Q96FF7	NA
Q96FQ6	S100A16
Q96FS4	SIPA1
Q96FV2	SCRN2
Q96FV9	THOC1
Q96FW1	OTUB1
Q96G03	PGM2
Q96GA3	LTV1
Q96GA7	SDSL
Q96GC5	MRPL48
Q96GD0	PDXP
Q96GD4	AURKB
Q96GE6	CALML4
Q96GG9	DCUN1D1
Q96GK7	FAHD2A
Q96GM8	TOE1
Q96GQ7	DDX27
Q96GW9	MARS2
Q96GX9	APIP
Q96H20	SNF8
Q96H79	ZC3HAV1L
Q96HC4	PDLIM5
Q96HE7	ERO1L
Q96HJ9	C7orf55
Q96HR3	MED30
Q96HR9	REEP6
Q96HS1	PGAM5
Q96HY6	DDRGK1
Q96HY7	DHTKD1
Q96I15	SCLY
Q96I24	FUBP3
Q96I25	RBM17
Q96I59	NARS2
Q96I99	SUCLG2
Q96IJ6	GMPPA
Q96IR7	HPDL
Q96IU4	ABHD14B
Q96IV0	NGLY1
Q96IX5	USMG5
Q96IZ0	PAWR
Q96J01	THOC3
Q96J02	ITCH
Q96JB2	COG3
Q96JB5	CDK5RAP3
Q96JH7	VCPIP1
Q96JM3	CHAMP1
Q96JP5	ZFP91
Q96K17	BTF3L4
Q96K76	USP47
Q96KB5	PBK
Q96KG9	SCYL1
Q96KN1	FAM84B
Q96KP1	EXOC2
Q96KP4	CNDP2
Q96KQ7	EHMT2
Q96KR1	ZFR
Q96L92	SNX27
Q96LD4	TRIM47
Q96LJ7	DHRS1
Q96M27	PRRC1
Q96M96	FGD4
Q96MU7	YTHDC1
Q96MW1	CCDC43
Q96MW5	COG8
Q96MY1	NOL4L
Q96N67	DOCK7
Q96NC0	ZMAT2
Q96P11	NSUN5
Q96P16	RPRD1A
Q96P48	ARAP1
Q96P70	IPO9
Q96PK6	RBM14
Q96PU5	NEDD4L
Q96PZ0	PUS7
Q96Q11	TRNT1
Q96QA5	GSDMA
Q96QB1	DLC1
Q96QD8	SLC38A2
Q96QK1	VPS35
Q96QR8	PURB
Q96QU8	XPO6
Q96RE7	NACC1
Q96RP9	GFM1
Q96RQ3	MCCC1
Q96RS0	TGS1
Q96RS6	NUDCD1
Q96S19	C16orf13
Q96S44	TP53RK
Q96S55	WRNIP1
Q96S59	RANBP9
Q96SB3	PPP1R9B
Q96SB4	SRPK1
Q96SI9	STRBP
Q96SQ9	CYP2S1
Q96ST2	IWS1
Q96ST3	SIN3A
Q96SU4	OSBPL9
Q96SY0	VWA9
Q96SZ5	ADO
Q96T17	MAP7D2
Q96T37	RBM15
Q96T51	RUFY1
Q96T60	PNKP
Q96T76	MMS19
Q96T88	UHRF1
Q96TA1	FAM129B
Q96TC7	RMDN3
Q99417	MYCBP
Q99424	ACOX2
Q99426	TBCB
Q99436	PSMB7
Q99439	CNN2
Q99442	SEC62
Q99447	PCYT2
Q99459	CDC5L
Q99460	PSMD1
Q99470	SDF2
Q99471	PFDN5
Q99496	RNF2
Q99497	PARK7
Q99519	NEU1
Q99536	VAT1
Q99538	LGMN
Q99541	PLIN2
Q99543	DNAJC2
Q99567	NUP88
Q99570	PIK3R4
Q99575	POP1
Q99584	S100A13
Q99598	TSNAX
Q99611	SEPHS2
Q99613	EIF3C
Q99614	TTC1
Q99615	DNAJC7
Q99622	C12orf57
Q99623	PHB2
Q99626	CDX2
Q99627	COPS8
Q99653	CHP1
Q99674	CGREF1
Q99685	MGLL
Q99700	ATXN2
Q99714	HSD17B10
Q99729	HNRNPAB
Q99733	NAP1L4
Q99735	MGST2
Q99747	NAPG
Q99757	TXN2
Q99766	ATP5S
Q99795	GPA33
Q99797	MIPEP
Q99798	ACO2
Q99805	TM9SF2
Q99816	TSG101
Q99828	CIB1
Q99829	CPNE1
Q99832	CCT7
Q99848	EBNA1BP2
Q99856	ARID3A
Q99873	PRMT1
Q99959	PKP2
Q99961	SH3GL1
Q99986	VRK1
Q99988	GDF15
Q9BPW8	NIPSNAP1
Q9BPW9	DHRS9
Q9BPX3	NCAPG
Q9BPX5	ARPC5L
Q9BQ39	DDX50
Q9BQ52	ELAC2
Q9BQ61	C19orf43
Q9BQ67	GRWD1
Q9BQ69	MACROD1
Q9BQ70	TCF25
Q9BQA1	WDR77
Q9BQC6	MRPL57
Q9BQE3	TUBA1C
Q9BQE5	APOL2
Q9BQG0	MYBBP1A
Q9BQG2	NUDT12
Q9BQL6	FERMT1
Q9BQP7	MGME1
Q9BQS8	FYCO1
Q9BR61	ACBD6
Q9BR76	CORO1B
Q9BRA2	TXNDC17
Q9BRF8	CPPED1
Q9BRG1	VPS25
Q9BRJ2	MRPL45
Q9BRJ6	C7orf50
Q9BRJ7	NUDT16L1
Q9BRK5	SDF4
Q9BRP1	PDCD2L
Q9BRP4	PAAF1
Q9BRP8	WIBG
Q9BRQ6	CHCHD6
Q9BRQ8	AIFM2
Q9BRR6	ADPGK
Q9BRT2	UQCC2
Q9BRT3	MIEN1
Q9BRT6	LLPH
Q9BRT9	GINS4
Q9BRV8	SIKE1
Q9BRX2	PELO
Q9BRX5	GINS3
Q9BRX8	FAM213A
Q9BS26	ERP44
Q9BS40	LXN
Q9BSC4	NOL10
Q9BSD7	NTPCR
Q9BSE5	AGMAT
Q9BSH4	TACO1
Q9BSH5	HDHD3
Q9BSJ2	TUBGCP2
Q9BSJ8	ESYT1
Q9BSL1	UBAC1
Q9BSR8	YIPF4
Q9BST9	RTKN
Q9BSV6	TSEN34
Q9BSY4	CHCHD5
Q9BT09	CNPY3
Q9BT73	PSMG3
Q9BT78	COPS4
Q9BTC0	DIDO1
Q9BTD8	RBM42
Q9BTE1	DCTN5
Q9BTE3	MCMBP
Q9BTE6	AARSD1
Q9BTE7	DCUN1D5
Q9BTM9	URM1
Q9BTT0	ANP32E
Q9BTT6	LRRC1
Q9BTU6	PI4K2A
Q9BTW9	TBCD
Q9BTY2	FUCA2
Q9BTZ2	DHRS4
Q9BU61	NDUFAF3
Q9BU76	MMTAG2
Q9BU89	DOHH
Q9BUB7	TMEM70
Q9BUE6	ISCA1
Q9BUF5	TUBB6
Q9BUH6	C9orf142
Q9BUI4	POLR3C
Q9BUJ2	HNRNPUL1
Q9BUK6	MSTO1
Q9BUL8	PDCD10
Q9BUL9	RPP25
Q9BUN8	DERL1
Q9BUP0	EFHD1
Q9BUP3	HTATIP2
Q9BUQ8	DDX23
Q9BUR5	APOO
Q9BUT1	BDH2
Q9BV20	MRI1
Q9BV36	MLPH
Q9BV38	WDR18
Q9BV40	VAMP8
Q9BV44	THUMPD3
Q9BV57	ADI1
Q9BV68	RNF126
Q9BV79	MECR
Q9BV86	NTMT1
Q9BVA1	TUBB2B
Q9BVC4	MLST8
Q9BVC5	C2orf49
Q9BVG4	PBDC1
Q9BVG8	KIFC3
Q9BVI4	NOC4L
Q9BVJ6	UTP14A
Q9BVJ7	DUSP23
Q9BVK6	TMED9
Q9BVL2	NUPL1
Q9BVL4	SELO
Q9BVP2	GNL3
Q9BVQ7	SPATA5L1
Q9BW04	SARG
Q9BW27	NUP85
Q9BW92	TARS2
Q9BWD1	ACAT2
Q9BWF3	RBM4
Q9BWJ5	SF3B5
Q9BWS9	CHID1
Q9BWU0	SLC4A1AP
Q9BX40	LSM14B
Q9BX68	HINT2
Q9BXJ9	NAA15
Q9BXK5	BCL2L13
Q9BXP5	SRRT
Q9BXR0	QTRT1
Q9BXS4	TMEM59
Q9BXW6	OSBPL1A
Q9BXW7	CECR5
Q9BXY0	MAK16
Q9BY32	ITPA
Q9BY42	RTFDC1
Q9BY43	CHMP4A
Q9BY44	EIF2A
Q9BY77	POLDIP3
Q9BYB4	GNB1L
Q9BYC9	MRPL20
Q9BYD1	MRPL13
Q9BYD2	MRPL9
Q9BYD3	MRPL4
Q9BYD6	MRPL1
Q9BYG3	NIFK
Q9BYG5	PARD6B
Q9BYN0	SRXN1
Q9BYN8	MRPS26
Q9BYT8	NLN
Q9BYZ8	REG4
Q9BZE1	MRPL37
Q9BZE4	GTPBP4
Q9BZE9	ASPSCR1
Q9BZG8	DPH1
Q9BZJ0	CRNKL1
Q9BZK3	NACAP1
Q9BZK7	TBL1XR1
Q9BZL1	UBL5
Q9BZL6	PRKD2
Q9BZX2	UCK2
Q9BZZ5	API5
Q9C002	NMES1
Q9C005	DPY30
Q9C037	TRIM4
Q9C040	TRIM2
Q9C075	KRT23
Q9C0B1	FTO
Q9C0C2	TNKS1BP1
Q9C0C9	UBE2O
Q9C0E2	XPO4
Q9C0F1	CEP44
Q9C0J8	WDR33
Q9GZL7	WDR12
Q9GZM7	TINAGL1
Q9GZN8	C20orf27
Q9GZP4	PITHD1
Q9GZP8	IMUP
Q9GZR2	REXO4
Q9GZR7	DDX24
Q9GZS1	POLR1E
Q9GZS3	WDR61
Q9GZT3	SLIRP
Q9GZT4	SRR
Q9GZT8	NIF3L1
Q9GZU8	FAM192A
Q9GZZ1	NAA50
Q9GZZ9	UBA5
Q9H061	TMEM126A
Q9H074	PAIP1
Q9H078	CLPB
Q9H0A0	NAT10
Q9H0A8	COMMD4
Q9H0B6	KLC2
Q9H0C8	ILKAP
Q9H0D6	XRN2
Q9H0E2	TOLLIP
Q9H0H5	RACGAP1
Q9H0P0	NT5C3A
Q9H0R4	HDHD2
Q9H0R6	QRSL1
Q9H0S4	DDX47
Q9H0U3	MAGT1
Q9H0U6	MRPL18
Q9H0W9	C11orf54
Q9H173	SIL1
Q9H190	SDCBP2
Q9H1A4	ANAPC1
Q9H1C7	CYSTM1
Q9H1E3	NUCKS1
Q9H1I8	ASCC2
Q9H1K1	ISCU
Q9H1P3	OSBPL2
Q9H1Y0	ATG5
Q9H223	EHD4
Q9H267	VPS33B
Q9H269	VPS16
Q9H270	VPS11
Q9H299	SH3BGRL3
Q9H2C0	GAN
Q9H2D6	TRIOBP
Q9H2G2	SLK
Q9H2H8	PPIL3
Q9H2J4	PDCL3
Q9H2K8	TAOK3
Q9H2M9	RAB3GAP2
Q9H2P0	ADNP
Q9H2U1	DHX36
Q9H2U2	PPA2
Q9H2W6	MRPL46
Q9H307	PNN
Q9H3G5	CPVL
Q9H3K2	GHITM
Q9H3K6	BOLA2
Q9H3N1	TMX1
Q9H3P7	ACBD3
Q9H3R2	MUC13
Q9H3S7	PTPN23
Q9H3U1	UNC45A
Q9H3Z4	DNAJC5
Q9H444	CHMP4B
Q9H446	RWDD1
Q9H479	FN3K
Q9H488	POFUT1
Q9H4A3	WNK1
Q9H4A4	RNPEP
Q9H4A5	GOLPH3L
Q9H4A6	GOLPH3
Q9H4B7	TUBB1
Q9H4G0	EPB41L1
Q9H4I3	TRABD
Q9H4L5	OSBPL3
Q9H4L7	SMARCAD1
Q9H4M9	EHD1
Q9H4Z3	PCIF1
Q9H501	ESF1
Q9H583	HEATR1
Q9H5N1	RABEP2
Q9H5Q4	TFB2M
Q9H5V8	CDCP1
Q9H5V9	CXorf56
Q9H5X1	FAM96A
Q9H6F5	CCDC86
Q9H6R4	NOL6
Q9H6S3	EPS8L2
Q9H6T0	ESRP2
Q9H6T3	RPAP3
Q9H6V9	C2orf43
Q9H6W3	NO66
Q9H6Y2	WDR55
Q9H6Z4	RANBP3
Q9H773	DCTPP1
Q9H788	SH2D4A
Q9H7C9	AAMDC
Q9H7D7	WDR26
Q9H7E9	C8orf33
Q9H7N4	SCAF1
Q9H7S9	ZNF703
Q9H7Z7	PTGES2
Q9H814	PHAX
Q9H832	UBE2Z
Q9H845	ACAD9
Q9H857	NT5DC2
Q9H8H0	NOL11
Q9H910	HN1L
Q9H936	SLC25A22
Q9H974	QTRTD1
Q9H993	ARMT1
Q9H9A5	CNOT10
Q9H9A6	LRRC40
Q9H9B1	EHMT1
Q9H9B4	SFXN1
Q9H9E3	COG4
Q9H9J2	MRPL44
Q9H9P8	L2HGDH
Q9H9Q2	COPS7B
Q9H9S4	CAB39L
Q9H9T3	ELP3
Q9H9Y6	POLR1B
Q9HA64	FN3KRP
Q9HA77	CARS2
Q9HAB8	PPCS
Q9HAN9	NMNAT1
Q9HAT2	SIAE
Q9HAU5	UPF2
Q9HAV4	XPO5
Q9HAV7	GRPEL1
Q9HAW8	UGT1A10
Q9HB07	C12orf10
Q9HB19	PLEKHA2
Q9HB21	PLEKHA1
Q9HB40	SCPEP1
Q9HB71	CACYBP
Q9HBH5	RDH14
Q9HBL7	PLGRKT
Q9HBL8	NMRAL1
Q9HBY8	SGK2
Q9HC21	SLC25A19
Q9HC35	EML4
Q9HC36	RNMTL1
Q9HC38	GLOD4
Q9HC52	CBX8
Q9HC84	MUC5B
Q9HCC0	MCCC2
Q9HCD5	NCOA5
Q9HCE1	MOV10
Q9HCE6	ARHGEF10L
Q9HCG8	CWC22
Q9HCH5	SYTL2
Q9HCN4	GPN1
Q9HCN8	SDF2L1
Q9HCS7	XAB2
Q9HCU5	PREB
Q9HCY8	S100A14
Q9HD20	ATP13A1
Q9HD26	GOPC
Q9HD33	MRPL47
Q9HD42	CHMP1A
Q9HD45	TM9SF3
Q9HD47	RANGRF
Q9HDC9	APMAP
Q9NNW5	WDR6
Q9NNW7	TXNRD2
Q9NP61	ARFGAP3
Q9NP72	RAB18
Q9NP77	SSU72
Q9NP79	VTA1
Q9NP81	SARS2
Q9NP92	MRPS30
Q9NP97	DYNLRB1
Q9NPA8	ENY2
Q9NPD3	EXOSC4
Q9NPD8	UBE2T
Q9NPE3	NOP10
Q9NPF0	CD320
Q9NPF4	OSGEP
Q9NPH2	ISYNA1
Q9NPI1	BRD7
Q9NPI6	DCP1A
Q9NPJ3	ACOT13
Q9NPJ6	MED4
Q9NPL8	TIMMDC1
Q9NPQ8	RIC8A
Q9NQ29	LUC7L
Q9NQ48	LZTFL1
Q9NQ55	PPAN
Q9NQ88	TIGAR
Q9NQC3	RTN4
Q9NQE9	HINT3
Q9NQG5	RPRD1B
Q9NQP4	PFDN4
Q9NQR4	NIT2
Q9NQS1	AVEN
Q9NQT4	EXOSC5
Q9NQT5	EXOSC3
Q9NQT8	KIF13B
Q9NQW7	XPNPEP1
Q9NQX3	GPHN
Q9NQX7	ITM2C
Q9NQZ2	UTP3
Q9NR09	BIRC6
Q9NR12	PDLIM7
Q9NR19	ACSS2
Q9NR28	DIABLO
Q9NR30	DDX21
Q9NR31	SAR1A
Q9NR45	NANS
Q9NR46	SH3GLB2
Q9NR50	EIF2B3
Q9NR56	MBNL1
Q9NRD5	PICK1
Q9NRF8	CTPS2
Q9NRG0	CHRAC1
Q9NRG1	PRTFDC1
Q9NRG9	AAAS
Q9NRK6	ABCB10
Q9NRL3	STRN4
Q9NRN7	AASDHPPT
Q9NRP0	OSTC
Q9NRP2	CMC2
Q9NRR5	UBQLN4
Q9NRV9	HEBP1
Q9NRW3	APOBEC3C
Q9NRW7	VPS45
Q9NRX1	PNO1
Q9NRX2	MRPL17
Q9NRX4	PHPT1
Q9NRY2	INIP
Q9NRY4	ARHGAP35
Q9NRY5	FAM114A2
Q9NRZ9	HELLS
Q9NS69	TOMM22
Q9NS86	LANCL2
Q9NS87	KIF15
Q9NSB2	KRT84
Q9NSD9	FARSB
Q9NSE4	IARS2
Q9NSK0	KLC4
Q9NSY2	STARD5
Q9NT62	ATG3
Q9NTI5	PDS5B
Q9NTJ3	SMC4
Q9NTJ4	MAN2C1
Q9NTJ5	SACM1L
Q9NTK5	OLA1
Q9NTX5	ECHDC1
Q9NTZ6	RBM12
Q9NU22	MDN1
Q9NUB1	ACSS1
Q9NUD5	ZCCHC3
Q9NUI1	DECR2
Q9NUJ1	ABHD10
Q9NUL3	STAU2
Q9NUM4	TMEM106B
Q9NUP9	LIN7C
Q9NUQ3	TXLNG
Q9NUQ6	SPATS2L
Q9NUQ7	UFSP2
Q9NUQ8	ABCF3
Q9NUQ9	FAM49B
Q9NV06	DCAF13
Q9NV31	IMP3
Q9NV35	NUDT15
Q9NV56	MRGBP
Q9NV70	EXOC1
Q9NVA1	UQCC1
Q9NVA2	SEPT11
Q9NVC6	MED17
Q9NVD7	PARVA
Q9NVH1	DNAJC11
Q9NVH6	TMLHE
Q9NVI1	FANCI
Q9NVI7	ATAD3A
Q9NVJ2	ARL8B
Q9NVN3	RIC8B
Q9NVN8	GNL3L
Q9NVP1	DDX18
Q9NVQ4	FAIM
Q9NVS9	PNPO
Q9NVT9	ARMC1
Q9NVV4	MTPAP
Q9NVX2	NLE1
Q9NVZ3	NECAP2
Q9NW13	RBM28
Q9NW64	RBM22
Q9NW68	BSDC1
Q9NW81	ATP5SL
Q9NW82	WDR70
Q9NWB6	ARGLU1
Q9NWS0	PIH1D1
Q9NWT1	PAK1IP1
Q9NWU1	OXSM
Q9NWU5	MRPL22
Q9NWV4	C1orf123
Q9NWV8	BABAM1
Q9NWX6	THG1L
Q9NWY4	C4orf27
Q9NX14	NDUFB11
Q9NX18	SDHAF2
Q9NX20	MRPL16
Q9NX24	NHP2
Q9NX40	OCIAD1
Q9NX46	ADPRHL2
Q9NX55	HYPK
Q9NX58	LYAR
Q9NX62	IMPAD1
Q9NX63	CHCHD3
Q9NX70	MED29
Q9NX74	DUS2
Q9NXA8	SIRT5
Q9NXF1	TEX10
Q9NXG2	THUMPD1
Q9NXH9	TRMT1
Q9NXR7	BRE
Q9NXV6	CDKN2AIP
Q9NY12	GAR1
Q9NY27	PPP4R2
Q9NY33	DPP3
Q9NY93	DDX56
Q9NYB0	TERF2IP
Q9NYF8	BCLAF1
Q9NYH9	UTP6
Q9NYJ1	COA4
Q9NYK5	MRPL39
Q9NYL2	ZAK
Q9NYL9	TMOD3
Q9NYR9	NKIRAS2
Q9NYU2	UGGT1
Q9NYV4	CDK12
Q9NYY8	FASTKD2
Q9NZ01	TECR
Q9NZ08	ERAP1
Q9NZ45	CISD1
Q9NZ63	C9orf78
Q9NZB2	FAM120A
Q9NZD2	GLTP
Q9NZD8	SPG21
Q9NZE8	MRPL35
Q9NZI7	UBP1
Q9NZI8	IGF2BP1
Q9NZJ7	MTCH1
Q9NZJ9	NUDT4
Q9NZL4	HSPBP1
Q9NZL9	MAT2B
Q9NZM1	MYOF
Q9NZM5	GLTSCR2
Q9NZN8	CNOT2
Q9NZT2	OGFR
Q9NZZ3	CHMP5
Q9P015	MRPL15
Q9P016	THYN1
Q9P032	NDUFAF4
Q9P035	HACD3
Q9P0J0	NDUFA13
Q9P0J1	PDP1
Q9P0J7	KCMF1
Q9P0L0	VAPA
Q9P0M6	H2AFY2
Q9P0M9	MRPL27
Q9P0R6	GSKIP
Q9P0V3	SH3BP4
Q9P0V9	SEPT10
Q9P1Y5	CAMSAP3
Q9P258	RCC2
Q9P265	DIP2B
Q9P270	SLAIN2
Q9P287	BCCIP
Q9P289	STK26
Q9P2B2	PTGFRN
Q9P2E9	RRBP1
Q9P2I0	CPSF2
Q9P2J5	LARS
Q9P2M7	CGN
Q9P2N5	RBM27
Q9P2R3	ANKFY1
Q9P2R7	SUCLA2
Q9P2T1	GMPR2
Q9P2W9	STX18
Q9P2X0	DPM3
Q9UBB4	ATXN10
Q9UBB5	MBD2
Q9UBB6	NCDN
Q9UBB9	TFIP11
Q9UBC2	EPS15L1
Q9UBD5	ORC3
Q9UBE0	SAE1
Q9UBF2	COPG2
Q9UBI1	COMMD3
Q9UBI6	GNG12
Q9UBL3	ASH2L
Q9UBM7	DHCR7
Q9UBN7	HDAC6
Q9UBP6	METTL1
Q9UBQ0	VPS29
Q9UBQ5	EIF3K
Q9UBQ7	GRHPR
Q9UBR2	CTSZ
Q9UBS4	DNAJB11
Q9UBS9	SUCO
Q9UBT2	UBA2
Q9UBU9	NXF1
Q9UBV2	SEL1L
Q9UBV8	PEF1
Q9UBW7	ZMYM2
Q9UBX3	SLC25A10
Q9UD71	PPP1R1B
Q9UDT6	CLIP2
Q9UDW1	UQCR10
Q9UDY2	TJP2
Q9UDY4	DNAJB4
Q9UEE9	CFDP1
Q9UET6	FTSJ1
Q9UEW8	STK39
Q9UEY8	ADD3
Q9UFC0	LRWD1
Q9UFG5	C19orf25
Q9UFW8	CGGBP1
Q9UG63	ABCF2
Q9UGI8	TES
Q9UGK3	STAP2
Q9UGM3	DMBT1
Q9UGM6	WARS2
Q9UGP4	LIMD1
Q9UGU0	TCF20
Q9UGV2	NDRG3
Q9UH62	ARMCX3
Q9UH65	SWAP70
Q9UHA4	LAMTOR3
Q9UHB6	LIMA1
Q9UHB9	SRP68
Q9UHD1	CHORDC1
Q9UHD2	TBK1
Q9UHD8	SEPT9
Q9UHD9	UBQLN2
Q9UHG3	PCYOX1
Q9UHI6	DDX20
Q9UHJ6	SHPK
Q9UHK6	AMACR
Q9UHL4	DPP7
Q9UHN6	TMEM2
Q9UHR4	BAIAP2L1
Q9UHR5	SAP30BP
Q9UHR6	ZNHIT2
Q9UHV9	PFDN2
Q9UHX1	PUF60
Q9UHY1	NRBP1
Q9UHY7	ENOPH1
Q9UI09	NDUFA12
Q9UI10	EIF2B4
Q9UI12	ATP6V1H
Q9UI14	RABAC1
Q9UI26	IPO11
Q9UI30	TRMT112
Q9UIA9	XPO7
Q9UID3	VPS51
Q9UII2	ATPIF1
Q9UIJ7	AK3
Q9UJ70	NAGK
Q9UJ72	ANXA10
Q9UJA5	TRMT6
Q9UJC3	HOOK1
Q9UJC5	SH3BGRL2
Q9UJK0	TSR3
Q9UJS0	SLC25A13
Q9UJU6	DBNL
Q9UJV9	DDX41
Q9UJW0	DCTN4
Q9UJX2	CDC23
Q9UJX3	ANAPC7
Q9UJZ1	STOML2
Q9UK22	FBXO2
Q9UK41	VPS28
Q9UK45	LSM7
Q9UK59	DBR1
Q9UK76	HN1
Q9UKA9	PTBP2
Q9UKD2	MRTO4
Q9UKF6	CPSF3
Q9UKG1	APPL1
Q9UKK3	PARP4
Q9UKK9	NUDT5
Q9UKL0	RCOR1
Q9UKM9	RALY
Q9UKN8	GTF3C4
Q9UKS6	PACSIN3
Q9UKU7	ACAD8
Q9UKV3	ACIN1
Q9UKV8	AGO2
Q9UKX7	NUP50
Q9UKY7	CDV3
Q9UL25	RAB21
Q9UL46	PSME2
Q9ULA0	DNPEP
Q9ULC4	MCTS1
Q9ULC5	ACSL5
Q9ULC6	PADI1
Q9ULE6	PALD1
Q9ULF5	SLC39A10
Q9ULH1	ASAP1
Q9ULM3	YEATS2
Q9ULT8	HECTD1
Q9ULU4	ZMYND8
Q9ULV0	MYO5B
Q9ULV4	CORO1C
Q9ULW0	TPX2
Q9ULX3	NOB1
Q9ULZ3	PYCARD
Q9UM00	TMCO1
Q9UM54	MYO6
Q9UMS0	NFU1
Q9UMS4	PRPF19
Q9UMX0	UBQLN1
Q9UMX5	NENF
Q9UMY1	NOL7
Q9UMY4	SNX12
Q9UMZ2	SYNRG
Q9UN36	NDRG2
Q9UN37	VPS4A
Q9UN86	G3BP2
Q9UNE7	STUB1
Q9UNF0	PACSIN2
Q9UNF1	MAGED2
Q9UNH7	SNX6
Q9UNI6	DUSP12
Q9UNM6	PSMD13
Q9UNN5	FAF1
Q9UNN8	PROCR
Q9UNP9	PPIE
Q9UNQ2	DIMT1
Q9UNS2	COPS3
Q9UNW9	NOVA2
Q9UNX4	WDR3
Q9UNZ2	NSFL1C
Q9UP83	COG5
Q9UPN6	SCAF8
Q9UPN7	PPP6R1
Q9UPN9	TRIM33
Q9UPT5	EXOC7
Q9UPU5	USP24
Q9UPW6	SATB2
Q9UPY3	DICER1
Q9UPY8	MAPRE3
Q9UQ35	SRRM2
Q9UQ80	PA2G4
Q9UQB8	BAIAP2
Q9UQE7	SMC3
Q9UQM7	CAMK2A
Q9UQN3	CHMP2B
Q9UQR0	SCML2
Q9Y221	NIP7
Q9Y223	GNE
Q9Y224	C14orf166
Q9Y230	RUVBL2
Q9Y237	PIN4
Q9Y244	POMP
Q9Y248	GINS2
Q9Y262	EIF3L
Q9Y263	PLAA
Q9Y265	RUVBL1
Q9Y266	NUDC
Q9Y276	BCS1L
Q9Y277	VDAC3
Q9Y281	CFL2
Q9Y285	FARSA
Q9Y291	MRPS33
Q9Y295	DRG1
Q9Y2A7	NCKAP1
Q9Y2B0	CNPY2
Q9Y2G5	POFUT2
Q9Y2H0	DLGAP4
Q9Y2H5	PLEKHA6
Q9Y2J2	EPB41L3
Q9Y2J8	PADI2
Q9Y2L1	DIS3
Q9Y2L9	LRCH1
Q9Y2P8	RCL1
Q9Y2Q3	GSTK1
Q9Y2Q5	LAMTOR2
Q9Y2Q9	MRPS28
Q9Y2R0	COA3
Q9Y2R5	MRPS17
Q9Y2R9	MRPS7
Q9Y2S0	POLR1D
Q9Y2S2	CRYL1
Q9Y2S7	POLDIP2
Q9Y2T2	AP3M1
Q9Y2T3	GDA
Q9Y2V2	CARHSP1
Q9Y2V7	COG6
Q9Y2W1	THRAP3
Q9Y2W2	WBP11
Q9Y2X3	NOP58
Q9Y2X7	GIT1
Q9Y2Z0	SUGT1
Q9Y2Z4	YARS2
Q9Y2Z9	COQ6
Q9Y303	AMDHD2
Q9Y305	ACOT9
Q9Y314	NOSIP
Q9Y315	DERA
Q9Y316	MEMO1
Q9Y324	FCF1
Q9Y333	LSM2
Q9Y365	STARD10
Q9Y371	SH3GLB1
Q9Y376	CAB39
Q9Y383	LUC7L2
Q9Y388	RBMX2
Q9Y394	DHRS7
Q9Y399	MRPS2
Q9Y3A3	MOB4
Q9Y3A5	SBDS
Q9Y3A6	TMED5
Q9Y3B2	EXOSC1
Q9Y3B3	TMED7
Q9Y3B4	SF3B6
Q9Y3B7	MRPL11
Q9Y3B8	REXO2
Q9Y3B9	RRP15
Q9Y3C0	CCDC53
Q9Y3C1	NOP16
Q9Y3C6	PPIL1
Q9Y3C8	UFC1
Q9Y3D0	FAM96B
Q9Y3D3	MRPS16
Q9Y3D6	FIS1
Q9Y3D7	PAM16
Q9Y3D8	AK6
Q9Y3D9	MRPS23
Q9Y3E5	PTRH2
Q9Y3E7	CHMP3
Q9Y3F4	STRAP
Q9Y3I0	RTCB
Q9Y3L3	SH3BP1
Q9Y3P9	RABGAP1
Q9Y3T9	NOC2L
Q9Y3U8	RPL36
Q9Y3X0	CCDC9
Q9Y3Z3	SAMHD1
Q9Y446	PKP3
Q9Y450	HBS1L
Q9Y478	PRKAB1
Q9Y490	TLN1
Q9Y4A5	TRRAP
Q9Y4B6	VPRBP
Q9Y4C8	RBM19
Q9Y4E8	USP15
Q9Y4G6	TLN2
Q9Y4H2	IRS2
Q9Y4I1	MYO5A
Q9Y4K1	AIM1
Q9Y4L1	HYOU1
Q9Y4P3	TBL2
Q9Y4W2	LAS1L
Q9Y4W6	AFG3L2
Q9Y4X5	ARIH1
Q9Y4Z0	LSM4
Q9Y508	RNF114
Q9Y520	PRRC2C
Q9Y530	OARD1
Q9Y547	HSPB11
Q9Y570	PPME1
Q9Y580	RBM7
Q9Y5A7	NUB1
Q9Y5A9	YTHDF2
Q9Y5B9	SUPT16H
Q9Y5J1	UTP18
Q9Y5J6	TIMM10B
Q9Y5J7	TIMM9
Q9Y5J9	TIMM8B
Q9Y5K5	UCHL5
Q9Y5K6	CD2AP
Q9Y5L0	TNPO3
Q9Y5L4	TIMM13
Q9Y5M8	SRPRB
Q9Y5P4	COL4A3BP
Q9Y5P6	GMPPB
Q9Y5Q9	GTF3C3
Q9Y5S2	CDC42BPB
Q9Y5S9	RBM8A
Q9Y5U2	TSSC4
Q9Y5V0	ZNF706
Q9Y5X1	SNX9
Q9Y5X3	SNX5
Q9Y5Y2	NUBP2
Q9Y5Y6	ST14
Q9Y5Z4	HEBP2
Q9Y606	PUS1
Q9Y608	LRRFIP2
Q9Y613	FHOD1
Q9Y617	PSAT1
Q9Y624	F11R
Q9Y639	NPTN
Q9Y657	SPIN1
Q9Y676	MRPS18B
Q9Y678	COPG1
Q9Y679	AUP1
Q9Y696	CLIC4
Q9Y697	NFS1
Q9Y6A4	CFAP20
Q9Y6B6	SAR1B
Q9Y6C9	MTCH2
Q9Y6D5	ARFGEF2
Q9Y6D6	ARFGEF1
Q9Y6E0	STK24
Q9Y6E2	BZW2
Q9Y6G9	DYNC1LI1
Q9Y6H1	CHCHD2
Q9Y6K5	OAS3
Q9Y6M1	IGF2BP2
Q9Y6M5	SLC30A1
Q9Y6M9	NDUFB9
Q9Y6N5	SQRDL
Q9Y6N9	USH1C
Q9Y6Q5	AP1M2
Q9Y6R7	FCGBP
Q9Y6U3	SCIN
Q9Y6W3	CAPN7
Q9Y6W5	WASF2
Q9Y6X4	FAM169A
Q9Y6X9	MORC2
Q9Y6Y0	IVNS1ABP
Q9Y6Y8	SEC23IP
iRT_protein	NA
